utc,from_user,to_user,amount,currency,sub_reddit
2021-12-13 23:35:40,u/Hodling-Since2018,0x6f71ddfe00c8f5c025ac0a46faa9a55e81aac6bc2ffe37e855efbb563a315bd5,1.0,DONUT,r/ethtrader
2021-12-13 23:33:25,u/Hodling-Since2018,0x674055af140e9b75b7e9f8c57284238ae5d8a57276e587f793fa5cc0be8002a3,1.0,DONUT,r/ethtrader
2021-12-13 23:33:10,u/Hodling-Since2018,0x233ed12dd0763e986b29f2055500b1c91b592abe232cb8192c2aea79d11955bf,1.0,DONUT,r/ethtrader
2021-12-13 23:32:55,u/Hodling-Since2018,0x8c1e1e9c2e182a6ed0f733ebc66c25b9d284ac052510d80c7471e7d0cb2e8bac,1.0,DONUT,r/ethtrader
2021-12-13 23:32:45,u/Hodling-Since2018,0x3ec95412c7024eacdcd5d5320e211bf73eb990859059e221981aba93d47c2aa7,1.0,DONUT,r/ethtrader
2021-12-13 23:32:20,u/Hodling-Since2018,0x477c18e92f059221705133212a3a0f1c599d913a81dfc123073d780fb341f55f,1.0,DONUT,r/ethtrader
2021-12-13 23:31:50,u/Hodling-Since2018,0xee22189b13923cbc7b012ae0dbe889cee7e857c9282b7a8bd5c3df2f86236fd6,1.0,DONUT,r/ethtrader
2021-12-13 23:31:20,u/Hodling-Since2018,0x5f63b87c02eeaa33cac433ea1ab7dcaf778cc5aef88bce4065c34fe0ecaaf026,1.0,DONUT,r/ethtrader
2021-12-13 23:30:50,u/Hodling-Since2018,0x03f77bb6875d4d6046137a11d58f08ce8b873ddf59615a4d31cc8c77845837d7,1.0,DONUT,r/ethtrader
2021-12-13 23:30:00,u/Hodling-Since2018,0x28c8615146d4477c76d30fd0b0c7cd2bd9a614bbd5f9d94b72102dba15513daf,1.0,DONUT,r/ethtrader
2021-12-13 23:29:00,u/Hodling-Since2018,0x9a116f5fd3fe42cb6abfaa7e447341bfe5da597dd79be2c6367e509e48541e3e,1.0,DONUT,r/ethtrader
2021-12-13 23:28:50,u/Hodling-Since2018,0x681bcb37cacf0dd40c88eec8fc3db7ab51885b83315022ae776eca6581646d4c,1.0,DONUT,r/ethtrader
2021-12-13 23:28:40,u/Hodling-Since2018,0x8354446eecd89196fa4b1660261d68e82bc77c3f0b40857e07823cb40cbb627b,1.0,DONUT,r/ethtrader
2021-12-13 23:28:25,u/Hodling-Since2018,0xeeb36b9ebe095d96c6feca72cbbd4a5442626713a8df7c35cb67f3b77cd9e4b6,1.0,DONUT,r/ethtrader
2021-12-13 23:28:15,u/Hodling-Since2018,0xb315db7ffc22fe9fe526d1b4b0da4f7c5d3f230eee7049ac8f42c6ebc9e2456c,1.0,DONUT,r/ethtrader
2021-12-13 23:27:55,u/PierluigiPeppino,0x4349394abb4a94d06fb9c092d8725e2e6f8e9cf1ea13bc0271b3c6820d79cbab,1.0,DONUT,r/ethtrader
2021-12-13 23:27:45,u/PierluigiPeppino,0x1ae56504cfd915f27f7ed36d188db6530b0d2fa174b2a2582841daa14f5f4cac,1.0,DONUT,r/ethtrader
2021-12-13 23:27:20,u/PierluigiPeppino,0x8a4d0791ae29f2cd9a168c7ba0da78b11f499a387a066ff3079954a80be3dc9a,1.0,DONUT,r/ethtrader
2021-12-13 23:27:05,u/PierluigiPeppino,0x0d8667d6f00d7c9deaea148152ddd82a5703b7d6565f5584fe1c396e42408003,1.0,DONUT,r/ethtrader
2021-12-13 23:26:45,u/PierluigiPeppino,0x51e7088b66690cc2ddb54bcdc84ed5bc1d9882bba34ed41d1617e557f6dd26fc,1.0,DONUT,r/ethtrader
2021-12-13 23:26:10,u/PierluigiPeppino,0xaddebdfa7c2c46981a8bd66e0a43bda893c6c4bd63e55be9b0668ebb01da980b,1.0,DONUT,r/ethtrader
2021-12-13 23:26:00,u/PierluigiPeppino,0x24c3b541bb65c4ea4282a0c438a243ce3742f7e0d86dff2f602551b3e0ff8324,1.0,DONUT,r/ethtrader
2021-12-13 23:25:55,u/PierluigiPeppino,0x143014b47ce617281a0c3b611f2cb470366265c14d40119ca3b15c39041460ab,1.0,DONUT,r/ethtrader
2021-12-13 23:25:45,u/PierluigiPeppino,0x79896906131bbe49b6a43034fdb790f5cb16ff074e7992f660e459e4f38a4782,1.0,DONUT,r/ethtrader
2021-12-13 23:25:40,u/PierluigiPeppino,0x5242b3f8e4de5d0c0d8b32ffe1226956096fa427ea8adbad612672ecc9ab66af,1.0,DONUT,r/ethtrader
2021-12-13 23:25:35,u/PierluigiPeppino,0xe50d02d045f41479d15fad4dfa27f8905cc018e0882aab8dac44884cefa736be,1.0,DONUT,r/ethtrader
2021-12-13 23:25:25,u/PierluigiPeppino,0x87fef0a546fd26a9c8143f3b764683db6b93b3e910935351accf70ce458be606,1.0,DONUT,r/ethtrader
2021-12-13 23:25:15,u/PierluigiPeppino,0x9f61d2a4833dcccf44f1627e21c4c930b6b90a86b7c9b3e3e3b79766a727900d,1.0,DONUT,r/ethtrader
2021-12-13 23:24:05,u/PierluigiPeppino,0xc12597d96c2d9a251487d70ff10ec8ece7a75f4156554f96fabaee63fb4c5ab7,1.0,DONUT,r/ethtrader
2021-12-13 23:23:50,u/PierluigiPeppino,0x20c482c1a7cdec9b5ba5e79ecf9d52ba88c72291ae3da92c93b1f6c183164b29,1.0,DONUT,r/ethtrader
2021-12-13 23:23:40,u/PierluigiPeppino,0xae20bef287b31e8f987de119a82828ec5f6006669204ddbc24f08bdf7899d7c2,1.0,DONUT,r/ethtrader
2021-12-13 23:23:30,u/PierluigiPeppino,0x29cdd4c0457d7eb38c11170ef34effdcd7401afa0b8cb2910b20b9f2019a78d4,1.0,DONUT,r/ethtrader
2021-12-13 23:23:25,u/PierluigiPeppino,0x38f1c03d8189de58a2fb5cf329609d2e3b181180ace293275cae30e965787d1a,1.0,DONUT,r/ethtrader
2021-12-13 23:23:15,u/PierluigiPeppino,0xee863fc1cb4a6a700f70a51e7f4d295b4c138ae4dcf76492aa6d6bc3f666d254,1.0,DONUT,r/ethtrader
2021-12-13 23:23:05,u/PierluigiPeppino,0x5f962f334433d92ca8d6c5f2f77723659c46a8ee87eb609b9e7c1482c172c0bc,1.0,DONUT,r/ethtrader
2021-12-13 23:22:35,u/PierluigiPeppino,0x597531cc162d3bb60cb7dbf6c9ccc25fac517073b2a2dd9e146bde802271f687,1.0,DONUT,r/ethtrader
2021-12-13 23:22:20,u/PierluigiPeppino,0xbc6cd996aefcfda744a6ac7d630583effa6b44ff58f8b1892fa8ce3ae8332109,1.0,DONUT,r/ethtrader
2021-12-13 23:21:55,0x280cD1...,0xb1587557c5c921b64419973dfb1ec09f6ecbcb56acc3704591b42e1a13133574,1.0,DONUT,r/ethtrader
2021-12-13 23:21:30,0x280cD1...,0x59aa8d5b544664bcce98bedd7a3cb0bc4adf88f633dc587e9634fde400ceb4fe,1.0,DONUT,r/ethtrader
2021-12-13 23:21:05,0x280cD1...,0xdbf621ee7c8907b46d412b7f5362afe844e93577ed896239a8da0a0c5e30d166,1.0,DONUT,r/ethtrader
2021-12-13 23:20:00,0x280cD1...,0xc4df691daf04ba0f42d3d76693ae715493bf8ab7669eeb46348c55bf4d5fc13b,1.0,DONUT,r/ethtrader
2021-12-13 23:07:20,u/Hastyrunner245,0xfa08cc4adb8ebbb17fe0c897f640422378d8f7f365ce9e034736594225998dd0,1.0,DONUT,r/ethtrader
2021-12-13 23:05:20,u/Hastyrunner245,0xce87ace7c06698ff2c336f644a7a1686d5853921a2df4fe536e8aa8b016bd13a,1.0,DONUT,r/ethtrader
2021-12-13 23:04:55,u/Hastyrunner245,0x62103f8aec3f3943a9f77b30f0cd86ea0b43beb8452457f5c75af8a0360f9d0f,1.0,DONUT,r/ethtrader
2021-12-13 23:04:25,u/Hastyrunner245,0xb9ff7bf8afe3ba429c767a631fb243284fef1a69fd9819c7badcb5a8333c5646,1.0,DONUT,r/ethtrader
2021-12-13 22:42:35,u/Hastyrunner245,0x45d841f74aff0531c995761a3cdfb61f5760914fe5df1dec4650a85695bbd604,1.0,DONUT,r/ethtrader
2021-12-13 21:40:50,u/Samir2298,0xe98657010a4e9064c12d7471482f1e2e0d9772e9cb58f736d0344bd783369891,1.0,DONUT,r/ethtrader
2021-12-13 21:40:30,u/Samir2298,0xb96abd6aca5d4c14dd8f265b95b11626c78aabfd702b5c13f31c8dc65a5fa333,1.0,DONUT,r/ethtrader
2021-12-13 21:40:10,u/Samir2298,0xd8fefe8434778860ab11c0b2989b4c92e995b3b9442220b8d4fcdfee9d312ba8,1.0,DONUT,r/ethtrader
2021-12-13 21:40:00,u/Samir2298,0x15c22a05af1624900e535444ac9b89a018ab369bd6e8d0dbac21894d379ba43c,1.0,DONUT,r/ethtrader
2021-12-13 21:39:20,u/Samir2298,0xd880da0482806b2bdf42e79459985c170f021600639fe25b126e370cfb1d7aed,1.0,DONUT,r/ethtrader
2021-12-13 21:39:10,u/Samir2298,0xc2255379fed713a5deacd0e67f33a6171edb61d7502db2d7813efb8dd0c669db,1.0,DONUT,r/ethtrader
2021-12-13 21:38:35,u/Samir2298,0x5fcf6df9f491692d0380d8c00e0b217133bf34aa833a5304da99fc9347523c86,1.0,DONUT,r/ethtrader
2021-12-13 21:38:10,u/Samir2298,0xea59d774226c9b858ef9da3f55f84f4960d7a4101a2b3c721f31587f8129d343,1.0,DONUT,r/ethtrader
2021-12-13 21:37:35,u/Samir2298,0xa0f81e5558aefc24f6de4263741d0ebed1c36c753e6c7567c03bfa1ff5d87fd8,1.0,DONUT,r/ethtrader
2021-12-13 21:36:40,u/Samir2298,0x2bf33316808f3effd12c261404f1acbe49a66d93b5d6911441c55cd87d358e16,2.0,DONUT,r/ethtrader
2021-12-13 21:36:05,u/Samir2298,0x187a119295ddc5fa991443f7532c8cf9bf28d79b59aad1cfb0f10954d13cd1c1,1.0,DONUT,r/ethtrader
2021-12-13 21:35:45,u/Samir2298,0x8ebcef2eb65cb8b81d27a80ac02a44b2843a61da464f7256ccc1201fb2348cb2,1.0,DONUT,r/ethtrader
2021-12-13 21:35:30,u/Samir2298,0xe0f1e395a0323b4728613e2a73ad65817544184d33cbd82dffc7e1155a41ec89,1.0,DONUT,r/ethtrader
2021-12-13 21:35:00,u/Samir2298,0x69578faa57b5b55c1bfa0a1163bea6162522b9e54d946735b1cbe896dba5e923,1.0,DONUT,r/ethtrader
2021-12-13 21:34:40,u/Samir2298,0x75d2a06e1bd1c3c57ab8e85534d7d7e7c8190b0c934ea954e691f6998caafeb6,1.0,DONUT,r/ethtrader
2021-12-13 21:34:15,u/Samir2298,0x5d25c66180ba3164a5724fc76f8f8bffc680ee5e3a2c0efc404688f4c30c5366,1.0,DONUT,r/ethtrader
2021-12-13 21:32:40,u/Samir2298,0x401d046eba4293860ff9d19428ecb7699e153a4292f292eed400c51f30873cac,1.0,DONUT,r/ethtrader
2021-12-13 21:32:10,u/Samir2298,0xdd69811074e92c3d158e17948e88ed72a1c32d21fc323ab8a69585bceb7b8a5a,1.0,DONUT,r/ethtrader
2021-12-13 21:30:35,u/Samir2298,0xf52cc67848a8ed4106e06def8393fc0152217a4386a44921dda5a403b93b0ae8,1.0,DONUT,r/ethtrader
2021-12-13 21:28:50,u/Samir2298,0x9fde7cdf57cde98643c5094828ac6eaa1ec3dbf7b46b5c5de1014d39bc54de14,1.0,DONUT,r/ethtrader
2021-12-13 21:28:40,u/Samir2298,0xd9bf8e2ba24f5af31b1b826254b5c0ba8a59f372fe98c0503558d6664ef71f48,1.0,DONUT,r/ethtrader
2021-12-13 21:27:35,u/Samir2298,0x5a84282c49cd6ebdd02d351955ad10a59c438da5c8d4e7fc9c46bdaf74cad064,1.0,DONUT,r/ethtrader
2021-12-13 20:55:30,u/TenCoinsShort,0xaa3512e654273b0b621c3bbf4e90303b3a94195b7694bd2a76b285f8999657c2,4.0,DONUT,r/ethtrader
2021-12-13 20:54:55,u/TenCoinsShort,0x3ff20066e4cde3d74b5836a221712dbe4f56eb927a67f4749f74485088fe8709,4.0,DONUT,r/ethtrader
2021-12-13 19:46:50,0x280cD1...,0xab7bd8816643234ab60cc8d0e2f6d4c2ef5d0e06ce5628385f85f453d6401c1b,1.0,DONUT,r/ethtrader
2021-12-13 19:45:10,0x280cD1...,0xbac3fe568139d7aecc7203502432ab8aa4670a342e131fd23c7c1cce58b737e9,1.0,DONUT,r/ethtrader
2021-12-13 19:43:35,0x280cD1...,0x51a4bd4354ee0d355d52dc2bc30108d6fdd1c0fd7f34a76b658893f66c3f4692,1.0,DONUT,r/ethtrader
2021-12-13 19:40:50,0x280cD1...,0x41a443bbef97654f8b83632ebdd3e71c71abc75552509c4148d302fc569474fc,1.0,DONUT,r/ethtrader
2021-12-13 19:35:45,0x280cD1...,0xd56c8ebfcd48d5a26bd444b11e23f23ae7f2e0451f82bb6ac662d5773549f389,1.0,DONUT,r/ethtrader
2021-12-13 19:34:10,0x280cD1...,0xecbf3844bde0a611f56329662e7bb3410298908448d1c923fac29cd4ca8feb44,1.0,DONUT,r/ethtrader
2021-12-13 19:31:35,0x280cD1...,0x84bdcd288caef6542edf556d77959a6cba085f1ab5eb26b6f87bf0f8ecbba6b2,1.0,DONUT,r/ethtrader
2021-12-13 19:30:15,0x280cD1...,0xd04f429848fd91b704742e755df83cb885249dbc2157e3e3920a944db9f64518,1.0,DONUT,r/ethtrader
2021-12-13 19:28:35,0x280cD1...,0x85382a194fbfc397ce31a9e312689393345325388da5c84606902261fb5a050d,1.0,DONUT,r/ethtrader
2021-12-13 19:27:35,0x280cD1...,0x0c64a5b91619e10fa408dae0002b08868384f2ac5b698135e5405d815a035ccc,1.0,DONUT,r/ethtrader
2021-12-13 19:25:50,0x280cD1...,0x2b4120c4f48f3f5e9098f61cd291974213b3e04853e1fd3693a595978546e503,1.0,DONUT,r/ethtrader
2021-12-13 19:21:45,0x280cD1...,0x2499dbe4fa48c6cf4d0ba8fb635a09f60759030809cc1e415fc6d34df0c69ba8,1.0,DONUT,r/ethtrader
2021-12-13 19:20:20,0x280cD1...,0x80f1b25e755a22da8a0352f3d367cb9d3b5d6ba06849366b6353e7fc0b23e2ae,1.0,DONUT,r/ethtrader
2021-12-13 19:15:40,0x280cD1...,0x0c1953c6b7d2abc1d98f22921d6dd2ff8ebd6e6ea3d0afcca87ff9d515559635,1.0,DONUT,r/ethtrader
2021-12-13 19:14:40,0x280cD1...,0xbe9ae4fdbf916a0a9a2a42ef94ec1079a0f679da4702df74b5e92910c8089fcb,1.0,DONUT,r/ethtrader
2021-12-13 19:13:15,0x280cD1...,0xb66665ec7964aa32c367b429b7237130d73055e6b331f44e5ad3d2b39818c94f,1.0,DONUT,r/ethtrader
2021-12-13 19:12:30,0x280cD1...,0x6e137ae6276e46fcf70a0bac6c322ca17e06fba2584ab4d3e4ae24a51c6ecaf4,1.0,DONUT,r/ethtrader
2021-12-13 19:09:40,0x280cD1...,0x9490168b9183d0ca5f8dfa0d5c447a3e108135cd28c3027da5650fc987baf39f,1.0,DONUT,r/ethtrader
2021-12-13 18:53:20,u/viksaini97,0x1f7dbb86d6baeb48ff42717f92a4caa935ff933ae0cb3a5894362103d360ae51,1.0,DONUT,r/ethtrader
2021-12-13 18:52:30,u/viksaini97,0x4e08412c1e9f24b6c4fd1dd21cacae176aa161ea0db35f128a3d50bdafff0c76,1.0,DONUT,r/ethtrader
2021-12-13 18:52:10,u/viksaini97,0xf6af06c6a88f1e49b510be581e824de7dd81c1bb0eed77f503f28bb2f7e62f27,1.0,DONUT,r/ethtrader
2021-12-13 18:51:45,u/viksaini97,0x0cec6fb9c683aa4afcf756341bd355bed028ff025b1e872e7f437d5bb5bc3aff,1.0,DONUT,r/ethtrader
2021-12-13 18:36:55,0x280cD1...,0x54c3e2a3bdfca32ccbd72150ed625abbc384b9c4a2cebe1c71abc0dba3835a4a,1.0,DONUT,r/ethtrader
2021-12-13 18:36:40,0x280cD1...,0xd91eeb2821c832bc59e89e8f3bba5a42a71c3c04400aa44aa43e3f560646ff03,1.0,DONUT,r/ethtrader
2021-12-13 18:36:20,0x280cD1...,0x23dc5a7252f0e66cdd27b38eb31cb7aa76b3e097008b957c8240cfca8ba7a6e7,1.0,DONUT,r/ethtrader
2021-12-13 18:27:05,u/Suthekingg,0xbf41ab11db53d4c500d8690ca3174da0fbb88f9b5d1beecbba88e7e73b47b4c3,1.0,DONUT,r/ethtrader
2021-12-13 18:26:35,u/Suthekingg,0x92d19391b331559f962bd1ce42230b682bebc988c12b54ee2b3aa7ead1515c4a,1.0,DONUT,r/ethtrader
2021-12-13 18:23:45,u/Suthekingg,0x0c24df9eb7cbbeff60edad104edaa4d4e8080975829587acec528dfe4f82776d,1.0,DONUT,r/ethtrader
2021-12-13 18:23:25,u/Suthekingg,0xca8515f0cb9044581d8664bcaf52e484c3722578813bf7f4ec258009e816e3ec,1.0,DONUT,r/ethtrader
2021-12-13 18:22:35,u/Suthekingg,0x607bbcfaa2ad8dede1ac90f6ae1b9b16e7589d42d4fe95b8c9e97fb8f844de3e,1.0,DONUT,r/ethtrader
2021-12-13 18:22:00,u/Suthekingg,0xc95709577e225a5702b9635cec17490ab905d2fdd2cd010d63612ac7fd73ca13,1.0,DONUT,r/ethtrader
2021-12-13 18:21:05,u/Suthekingg,0x19ce23688df4772c3fca25a2c15e82e2c57814b8c3b2b9eba06fca3a5ee3f388,1.0,DONUT,r/ethtrader
2021-12-13 18:20:45,u/Suthekingg,0x2c387c0c7c49e62fe208c3dc2575306cc453e5e11128a3003f763ac8c792ae15,1.0,DONUT,r/ethtrader
2021-12-13 18:20:30,u/Suthekingg,0x606b086e07201c3103e9eb2a73802607694eda93ec77dc0afc30b7d87cd289e8,1.0,DONUT,r/ethtrader
2021-12-13 18:19:25,u/Suthekingg,0x4f6fa8e3cdf688c3f1011b4332adb03aed109e492a85702b8ba196097fa0cd81,1.0,DONUT,r/ethtrader
2021-12-13 18:18:30,u/Suthekingg,0x2a3c6f1d4aee91f30a329cf1f9f69227242aaf8a12d10861bb60e3f9f8e63958,1.0,DONUT,r/ethtrader
2021-12-13 18:18:10,u/Suthekingg,0x76c8cb44c5136b2283337518524dc5189984ff72c8b78e4dab71743d71a57867,1.0,DONUT,r/ethtrader
2021-12-13 18:17:25,u/Suthekingg,0xe5a1bca6e0d48cbcaefc78a87ae98457a96811afd2946faf7ed86791e427b284,1.0,DONUT,r/ethtrader
2021-12-13 18:16:35,u/Suthekingg,0x3bd6c83ac113536b3377a4fa114d7b478e4ce6b035469692bcfb693191fd3590,1.0,DONUT,r/ethtrader
2021-12-13 18:16:00,u/Suthekingg,0xeee95de5a8f7164186426d8f17b7154a03baa3a193d7eca23a206e38afd150c8,1.0,DONUT,r/ethtrader
2021-12-13 18:15:45,u/Suthekingg,0xc36dc33e0b544885f5a6c5842f3973ee1f722fd7ca0bbfeab673353bada5b529,1.0,DONUT,r/ethtrader
2021-12-13 18:15:15,u/Suthekingg,0xfa5ee8a087d43fcedddd15587d2dacc18d6784ccf1460c871d4509a4e2ef0746,1.0,DONUT,r/ethtrader
2021-12-13 18:14:20,u/Suthekingg,0xe6d6a89292e549f487376313fc569262ccf6320bbcba19bef9f90cc7284216d6,1.0,DONUT,r/ethtrader
2021-12-13 18:12:30,u/Suthekingg,0x2c9af18e84137d92e8d82446ce9fcf66815f3560d3c49accf11b2f9329e053bd,1.0,DONUT,r/ethtrader
2021-12-13 18:12:10,u/Suthekingg,0xe390b30d7e15c1b71a33f55cd6cfc8e0775eaec9e05a78fb09ba9bf1d4e9b7e7,1.0,DONUT,r/ethtrader
2021-12-13 18:11:20,u/Suthekingg,0x661b13f7b961c35ce04108f4b702781418bbb1df2500c919cca31788f63f0b23,1.0,DONUT,r/ethtrader
2021-12-13 18:10:20,u/Suthekingg,0x1d6bcb8299db4ac4628f9709826fdc54d2b6e33af63adec30ea41539f0a49eb1,1.0,DONUT,r/ethtrader
2021-12-13 18:09:05,u/Suthekingg,0x40a4701c76cdcc5e86df0e2a1b141a12baec779fd14c394a8d09e972febabcaa,1.0,DONUT,r/ethtrader
2021-12-13 18:08:00,u/viksaini97,0x71af704074f5287a694e02f703ec7def8976b416ff465d047a7def894f0c11f0,1.0,DONUT,r/ethtrader
2021-12-13 17:31:20,u/viksaini97,0xbc5ac10f244423a7456b307d6dc88887539030f9c34648f9661b3f56a691b56e,1.0,DONUT,r/ethtrader
2021-12-13 17:31:05,u/anthony_blues,0x9a7035561ceca9d0cc714e551d0a454f13cca33b7687889dd607087d66506737,1.0,DONUT,r/ethtrader
2021-12-13 17:31:00,u/viksaini97,0x78143b779011d10a06ada3638672863afd3e6ee4215560be25c291048ef859e6,1.0,DONUT,r/ethtrader
2021-12-13 17:27:15,u/furysammy,0x7101a5097362468c440b1d3fdf1ed126565fc15e6152ae7015b26bf38040de66,1.0,DONUT,r/ethtrader
2021-12-13 17:26:30,u/furysammy,0xa33b0c67b913cc82e8693b9e94da5b237e9f8416f93311ba7dd045e81eb3d7b9,1.0,DONUT,r/ethtrader
2021-12-13 17:25:10,u/furysammy,0xbf892ecad815fae8c783f3d7c5c6aaf900338fca2c0dbdce72116b7d9e4a7f91,1.0,DONUT,r/ethtrader
2021-12-13 17:24:20,u/furysammy,0xf8ca6cc9df7a9c46a80d0a234929ce4bdb08cf012e9bab16d353e528d4545741,1.0,DONUT,r/ethtrader
2021-12-13 17:21:45,u/viksaini97,0xc84dfed1adeb4f9880f35d3f46a364f6e0ba0b70599debeabcdab80241cf9718,1.0,DONUT,r/ethtrader
2021-12-13 17:20:40,u/viksaini97,0xc26526e7c005d3f9b24c25e6a4b2367fd46b824b0ae4abd8dd972a87c3722ae7,1.0,DONUT,r/ethtrader
2021-12-13 17:20:25,u/Imaginary-Adagio2231,0x84208520ec55e8d7372ba24cc79ce66ba372314fbcb331cfc9ee5073f9f602b9,1.0,DONUT,r/ethtrader
2021-12-13 17:20:05,u/viksaini97,0x27a02580e832a887bf96eb7188405580acb8832f71091b5d777636a98f933758,1.0,DONUT,r/ethtrader
2021-12-13 17:19:40,u/Imaginary-Adagio2231,0x17311b3f10225ccd84fb1dad0d2e58f39028c31d51681f09211ac6d63279b22f,1.0,DONUT,r/ethtrader
2021-12-13 17:18:20,u/Imaginary-Adagio2231,0xc14b5f5e4be2a87b6959214dc8c377a0e8e91122edef8e003754bdfff4e61d90,1.0,DONUT,r/ethtrader
2021-12-13 17:16:55,u/Imaginary-Adagio2231,0x28a4c7fc1dfa9b36039577e5c0be15cd4f29f291ca09ff4814b7d98040f8e664,1.0,DONUT,r/ethtrader
2021-12-13 17:16:15,u/Imaginary-Adagio2231,0xfd9ffb9a621fdff6027b09a6a39e0647800da9f28e6b8141c909b911d2159a67,1.0,DONUT,r/ethtrader
2021-12-13 17:15:25,u/Imaginary-Adagio2231,0x006d3bcfa1e63115ffa83e9ab156bd25c23db529ab7ecfeb465738883bb68745,1.0,DONUT,r/ethtrader
2021-12-13 17:14:10,u/Imaginary-Adagio2231,0xea0ccae8842b9e6bde8e0f3408ffb5f84b07ab890b2f7df6b5a9fee9c0dee42a,1.0,DONUT,r/ethtrader
2021-12-13 17:13:35,u/Imaginary-Adagio2231,0x39b6cf9b8b3bd389a07dc8a2c22001cd318504b1861a23dc7b9b90b65319e8b8,1.0,DONUT,r/ethtrader
2021-12-13 17:12:35,u/Imaginary-Adagio2231,0xf2440c292e2609b454044ea8839db7e66fe800b260564d253c47ac9563bd2058,1.0,DONUT,r/ethtrader
2021-12-13 17:12:05,u/Imaginary-Adagio2231,0x704b91a8642d5ff145abcceb28da2d086fb2ae570d973b942fdf8dfd64b1d3a3,1.0,DONUT,r/ethtrader
2021-12-13 17:10:40,u/Imaginary-Adagio2231,0x59860535a95d6dfe36c71d4d6dc015ea930417c49c2b881f2b64ec6f8b09c565,1.0,DONUT,r/ethtrader
2021-12-13 17:09:45,u/Imaginary-Adagio2231,0xad42cef9bf070ed15df98a729dc39f1ed40cf619c86fd1f694016bfee505d232,1.0,DONUT,r/ethtrader
2021-12-13 17:09:00,u/Imaginary-Adagio2231,0xc9deab08dafd16bc1483fa4cdae5a73916f62e001eed08556306cc6d42853ec8,1.0,DONUT,r/ethtrader
2021-12-13 17:08:10,u/Imaginary-Adagio2231,0xa314f76e24c2f5090e228d32c854675e82752279efd93d21eebccd9a563dfdce,1.0,DONUT,r/ethtrader
2021-12-13 17:06:35,0x505272...,0xd170d98ae25a09e67783bde95bd5cdff8de4f6cdb1f44106e6e58eeca2de85c4,1.0,DONUT,r/ethtrader
2021-12-13 17:06:20,u/Imaginary-Adagio2231,0xb132db1a85748b7d16933591f98745a7eeedbc3d76514b70c78f5ad7ebdcab37,1.0,DONUT,r/ethtrader
2021-12-13 17:05:05,u/Imaginary-Adagio2231,0x442851a3adb8ba4d0ad75dafa7f73de41042499fc9b77c1e7be6cc8874a1c811,1.0,DONUT,r/ethtrader
2021-12-13 17:04:35,u/Imaginary-Adagio2231,0x6317d55337272a76889ef089efef68c1d0b02a7e688250673a6cbe141949c534,1.0,DONUT,r/ethtrader
2021-12-13 17:04:20,u/Basoosh,0x3a8589992668a59ea43e70de9057815ce7abca3cb1902108be4538ee45e96dd9,5.0,DONUT,r/ethtrader
2021-12-13 17:04:20,u/Basoosh,0xf996e1ec6283e32c8ba892deeaa3e5409aac2783b2b0274cfda86bb16befbbc2,5.0,DONUT,r/ethtrader
2021-12-13 17:04:15,0x637667...,0xa4e11c5a727331d82ac1b3a383384bf3689cbef0718c50708c71e95ea74876c3,1.0,DONUT,r/ethtrader
2021-12-13 17:04:10,u/Basoosh,0x90d77dd668f67dd95fa2822bb31156f5703b4baa89365a928c8f182df03ee4cb,5.0,DONUT,r/ethtrader
2021-12-13 17:04:10,u/Basoosh,0xf3c3288939b14807f1bb46668022849d267814c4fe6b1b631d9c4f22ba2f3e87,5.0,DONUT,r/ethtrader
2021-12-13 17:03:25,u/Imaginary-Adagio2231,0x6ff5bcaa9577fa267a1faaeabed745a17158274ed8fb6613c925de5aa1d42554,1.0,DONUT,r/ethtrader
2021-12-13 17:03:10,0x637667...,0xd69612b8dfff38b06515be144ea74e7e74c9ecff96faae10e27cede42beb6a74,1.0,DONUT,r/ethtrader
2021-12-13 17:02:45,u/Imaginary-Adagio2231,0x097d5e6cf2cbee94e7d422a11add3a41246962c60741b85ae5e874f1e3b7a2ab,1.0,DONUT,r/ethtrader
2021-12-13 17:02:25,0x637667...,0xd42e40a675ab2fd6793848823e904f7a25e7376861ac2e3b537e758e45442294,1.0,DONUT,r/ethtrader
2021-12-13 17:02:05,u/Imaginary-Adagio2231,0x93d86d6e6305a17e0f935d0c0655ccc37086946a3621b1e6ef09312b681b80b3,1.0,DONUT,r/ethtrader
2021-12-13 17:01:35,0x637667...,0x5ff547c985f3dc266e044e89bf9167def44c3384551e0a7cabfb4467c2af6e5b,1.0,DONUT,r/ethtrader
2021-12-13 17:01:30,u/Imaginary-Adagio2231,0xbbffadd0dbc627e8e45df011934148c15f96531b5e08cd9b828423b05f76a88e,1.0,DONUT,r/ethtrader
2021-12-13 17:00:45,u/Imaginary-Adagio2231,0xf5480476ec132e1bf4cc21d35fa31d58c11e8046addce3be20d8ba1227baccb6,1.0,DONUT,r/ethtrader
2021-12-13 17:00:15,u/Imaginary-Adagio2231,0x16fc3c2056858789aeac41de1df58c2e177a1e23500f23eb9ac8deec6cc272ea,1.0,DONUT,r/ethtrader
2021-12-13 16:59:40,u/Imaginary-Adagio2231,0xccf5714d78379715f6ff6508690b579f61487fc4d9703e68684c6bb4ff5261ed,1.0,DONUT,r/ethtrader
2021-12-13 16:50:20,u/viksaini97,0x653b93ac7a8b405f4938c7794992abaf821a123e5723845f2e2e184ebb916404,1.0,DONUT,r/ethtrader
2021-12-13 16:49:45,u/viksaini97,0x0af4375608d3787ebd1df734f1f951e0d9550fae961a9b8e38dce90611503fef,1.0,DONUT,r/ethtrader
2021-12-13 16:49:15,u/viksaini97,0x517fa46925ec9f8dff97c70aad0efabbd5fc7b96944db2a9fe3ce798e57870f0,1.0,DONUT,r/ethtrader
2021-12-13 16:48:45,u/viksaini97,0x9571b4a744f3cf24d3485a08704e51541e5f669cf832c17fcfc6a121107cfb47,1.0,DONUT,r/ethtrader
2021-12-13 16:48:15,u/InevitableComplex895,0xb03809cc62b24609cb3fe1691ffe6174dd3641b8509c529697c33ff2ef52b657,1.0,DONUT,r/ethtrader
2021-12-13 16:48:00,u/viksaini97,0xc8de666b98951325b5ba8b4b95e67a749139d943038552cd92c96962bee9d67b,1.0,DONUT,r/ethtrader
2021-12-13 16:47:35,u/viksaini97,0xfe8b3c76a9c0e4729b6ce375733c1f830883ef9f1a442e3522610c11131b6ec4,1.0,DONUT,r/ethtrader
2021-12-13 16:47:10,u/viksaini97,0x9981a7b5e03379f3d9d20b1f59030edb20905fbe17cdd73985d6573916936a36,1.0,DONUT,r/ethtrader
2021-12-13 16:46:55,u/viksaini97,0x6abdeb8e0f553e8e16f6652e17929bc628c91c61ccba926d68a46c344ceb2d28,1.0,DONUT,r/ethtrader
2021-12-13 16:46:25,u/viksaini97,0xf411c9beffe8da9b0623fd663ac49ddca8c3269502d37d1749d92fd1a193d356,1.0,DONUT,r/ethtrader
2021-12-13 16:46:05,u/viksaini97,0x2e4e2d23a154545cb20368b380559467e61202e0a034e6b1ad179ee6a7e4d1fe,1.0,DONUT,r/ethtrader
2021-12-13 16:45:50,u/viksaini97,0x88a7cc42ecf8080b662f8dd51f42759e63d62ee857ef37f99b1cce6da6139e6d,1.0,DONUT,r/ethtrader
2021-12-13 16:39:50,u/Imaginary-Adagio2231,0xb93617ded0628b7bd1b4ba81caf557aaa4557d1b408d1a1806f87e8a70f85337,1.0,DONUT,r/ethtrader
2021-12-13 16:29:30,u/Imaginary-Adagio2231,0x3707865f9ffeb64788ccd382b8358b8d109fadbec80b6022e61b03a0c4f9a54b,1.0,DONUT,r/ethtrader
2021-12-13 16:28:40,u/Imaginary-Adagio2231,0x27175659d1c62fb4e0eb12ddd4565012b3e3156aec36cad5c32201cc20fdb26b,1.0,DONUT,r/ethtrader
2021-12-13 16:27:50,u/Imaginary-Adagio2231,0x97a27ce8a10ee2087571ff79a4667603510cec08ce97fa71d3da4ef7f1f156f3,1.0,DONUT,r/ethtrader
2021-12-13 16:24:10,u/anthony_blues,0x3670ee213f503f275aefaf3bb8baf3abca542d5071fdccc0049e53285ac50e70,1.0,DONUT,r/ethtrader
2021-12-13 16:07:20,u/ethereum88,0x420a3eae009171cd509c581d5af3d13f933d80fae83ed0852ec0964374334848,1.0,DONUT,r/ethtrader
2021-12-13 16:07:15,u/ethereum88,0x7288a1d4a0d607462755a1ef53af66d744f33707d29c7268ed10d19b6e4eba65,1.0,DONUT,r/ethtrader
2021-12-13 16:07:15,u/ethereum88,0xe87f24f1a7cd0b819df2a25b6906534dbc1631bb64deb9c8378e8df833fc951b,1.0,DONUT,r/ethtrader
2021-12-13 16:07:15,u/ethereum88,0x48276a6b92daa57b54af20f52f2f527b0e577bcadc18b90142d6f5240faabc7e,1.0,DONUT,r/ethtrader
2021-12-13 16:03:05,u/ethereum88,0x04a7c383fe35250801751d15d069906fd10ea0c127cf82ec2bd81e892052bfc9,1.0,DONUT,r/ethtrader
2021-12-13 16:02:25,u/ethereum88,0xeba827ea07ccfc44bea50b0ee57a0535a4d28d49e5fa306392f7ab8fab22039d,1.0,DONUT,r/ethtrader
2021-12-13 15:34:45,u/Basoosh,0x253447323a6981b3a562156415ed0117e3a7c48682e461c495c9cb3f99f9a1c5,10.0,DONUT,r/ethtrader
2021-12-13 15:34:15,u/Basoosh,0x92e9806e186750bc52c4128975a172ee5386f54c6ebf4f0bc7dcb88ae1cf7b3e,10.0,DONUT,r/ethtrader
2021-12-13 15:11:25,u/Samir2298,0xe6e3c65719aa065fdbc1d35c70e4c480ef6a898533d7ed1037c1f2b48001753b,5.0,DONUT,r/ethtrader
2021-12-13 14:52:55,u/TenCoinsShort,0xa000ee340427085cc4a1da4623285b9c72837a7ca1216a091c437c8e7f5f956d,4.0,DONUT,r/ethtrader
2021-12-13 14:51:35,u/TenCoinsShort,0x17b2c71dac6a145d0515c22e420447a81c57f628ee399f0499ad4ff8940fc409,4.0,DONUT,r/ethtrader
2021-12-13 14:45:15,u/furysammy,0x9c5e5eec61a4b343a42a17afcbb532b6de62cd86b7f6adf89ceeb0f018974374,1.0,DONUT,r/ethtrader
2021-12-13 14:22:25,u/iantonio_007,0x11c1853d3111f16e22217dc5d0d2a9b75eeeab662ebaabe286baeed546636456,1.0,DONUT,r/ethtrader
2021-12-13 14:08:05,u/iantonio_007,0x9d48641e6150302207baa388ef7f19dfff59ca5d2c8c7976ecabe44c3d254345,1.0,DONUT,r/ethtrader
2021-12-13 13:49:15,u/bigmammoth2310,0xa524a9c09fa586c565629ff9761eb932d0ee245d8f4453212ebaaf0793d87b34,2.0,DONUT,r/ethtrader
2021-12-13 13:48:05,u/bigmammoth2310,0xd2d999bc0ef9cdc5ad203fb1d18002df1aa088548a3a76201be4fe7870127ace,2.0,DONUT,r/ethtrader
2021-12-13 13:46:45,u/bigmammoth2310,0xedf7223af114d32c23c4cda54cd5bc705d726d41c97f0afefb3b368ab2c719b1,2.0,DONUT,r/ethtrader
2021-12-13 13:44:30,u/bigmammoth2310,0x447ce8f696e6430479e30ced2f4385626294d80f6e25ec7b99d76de94c01120d,2.0,DONUT,r/ethtrader
2021-12-13 13:43:35,u/bigmammoth2310,0x47c14bf2273ba4b7f8e932eaf128f1331d50feb8408d17f76eb802c08de13325,2.0,DONUT,r/ethtrader
2021-12-13 13:42:25,u/bigmammoth2310,0x59f03639d8713821fcf0af019e3718b1a86793b2652c911958cc209a865e309e,2.0,DONUT,r/ethtrader
2021-12-13 13:41:10,u/bigmammoth2310,0x5c301c1dcf864a9309ec854ceca88f9509b7fcc8bf8070a23dfe39476aa6fccb,2.0,DONUT,r/ethtrader
2021-12-13 13:40:00,u/bigmammoth2310,0x83c3adb827a4e2e47308d8e66ad190728d4c7d3d244e40e11fa3a855bcaece3f,2.0,DONUT,r/ethtrader
2021-12-13 13:39:25,u/bigmammoth2310,0x53724871093b973e3c5d351bc5defd47038cbef2fe6afbaf274aa4411269397f,2.0,DONUT,r/ethtrader
2021-12-13 13:37:05,u/bigmammoth2310,0x8ae6995a06a7d924570c269c9157e485a5f6fa84e57f381fa45577350d7b810f,2.0,DONUT,r/ethtrader
2021-12-13 13:26:05,u/viksaini97,0x68e7086fb090c4b4e92a40df04baa24520baae509f662bcc7ce953ba2ed48d58,1.0,DONUT,r/ethtrader
2021-12-13 13:25:40,u/viksaini97,0x4d813001c2b6b5987c78afdc0fea29b80187eb77c2cf05fb17c226e1cc6e62f7,1.0,DONUT,r/ethtrader
2021-12-13 13:25:05,u/viksaini97,0xafb1187bc8be39b7e40579d6d8c5bf407659450586b0e2414fd6ec833dbff0c3,1.0,DONUT,r/ethtrader
2021-12-13 13:24:45,u/viksaini97,0xdfa1ea828203e7399d211f91ac72b8fd9fe892543adb7b699582989a0b61684d,1.0,DONUT,r/ethtrader
2021-12-13 13:24:20,u/viksaini97,0x43518d9da3693f206bd7dd6d79eb72889abceeefee88390c0e55c434a7bb9880,1.0,DONUT,r/ethtrader
2021-12-13 13:23:50,u/viksaini97,0xb095561477fe4265667ab365c94dcc296ebd1a42f5904969b0405cf0afef0f1f,1.0,DONUT,r/ethtrader
2021-12-13 13:23:20,u/viksaini97,0xf2d548c383d80e76feb61c17d93187456ea1cbf9233049a5f3a6ac5dbbe35b00,1.0,DONUT,r/ethtrader
2021-12-13 13:22:55,u/viksaini97,0xda1587c014f438a076adc8195bcfdc122326654b190db278ed1ae8cc1f6843f1,1.0,DONUT,r/ethtrader
2021-12-13 13:19:30,u/viksaini97,0x70b79c76b43c7f8d12c2412962d508ddb3aff3e77543a1ecf8ce2d58cc7fdda5,1.0,DONUT,r/ethtrader
2021-12-13 13:10:25,u/kohrts,0x2705f41e1f402a11207e031c64af1fdc2cc5c85c154ba82ded2a3a8a926b94cb,5.0,DONUT,r/ethtrader
2021-12-13 12:53:35,0x637667...,0x636d842faa29326d4adebacb45d1354a5d42828f6b84b2756d853472d73ed8f3,1.0,DONUT,r/ethtrader
2021-12-13 12:52:50,0x637667...,0x113302b10fb7c9e80cd18aeb3c027f8738ed31fb2f210282ec991dd7ef159b0b,1.0,DONUT,r/ethtrader
2021-12-13 12:51:35,0x637667...,0x2f0693961d80f8b5fd26b2570a8dac09c5c1452168f852cb8321b10aab009111,1.0,DONUT,r/ethtrader
2021-12-13 12:50:20,0x637667...,0x61aebc708d1f1d7e0756f213cb7040d84ea362000c2111e8d91985b521836c59,1.0,DONUT,r/ethtrader
2021-12-13 12:46:55,0x637667...,0x423599b8bcf30a39c67d37cea11c98bd8c4e879e34c29a33310b2dd630be7979,1.0,DONUT,r/ethtrader
2021-12-13 11:48:55,0x505272...,0xf7766776a631dc07c0d640d844505372d9ac403906e18fa495a1d348972c7c64,1.0,DONUT,r/ethtrader
2021-12-13 11:34:40,0x280cD1...,0x8a9d643358d00ccfed45aa5ab9903c28f0852a06a6b64b800e330389d6ef56dd,1.0,DONUT,r/ethtrader
2021-12-13 11:34:20,0x280cD1...,0x790fc4d3821ce9ba4df16cc388d50c14f09fe4143c2924e99844ed0f2a006f95,1.0,DONUT,r/ethtrader
2021-12-13 11:34:00,0x280cD1...,0x6fca06235809c8804c63b260f2cd99f25e85e954a14daf2126c48d8376b529fb,1.0,DONUT,r/ethtrader
2021-12-13 11:33:25,0x280cD1...,0xd3bbafef0a2268154f80ca782ddc447d16d0e662d20569fe98617ccc1ab15d2a,1.0,DONUT,r/ethtrader
2021-12-13 11:33:05,0x280cD1...,0x855cc14902935f8e11fca78a069116c6c8bf2648d38224df27bfc3b1318a3175,1.0,DONUT,r/ethtrader
2021-12-13 11:32:35,0x280cD1...,0xcc42cbc96bc6789ecf490c89092bbc56f633a3d60fa054537adafe5a832e051a,1.0,DONUT,r/ethtrader
2021-12-13 11:31:50,0x280cD1...,0xa4567a1a79b374bce59a1398de749ac315b0c19954d572f706859c58d73434b6,1.0,DONUT,r/ethtrader
2021-12-13 11:31:35,0x280cD1...,0xce267f3ec0912e63bcc5918145efa82ec5ace1d1dee495001f022be71fae4291,1.0,DONUT,r/ethtrader
2021-12-13 11:31:10,0x280cD1...,0x63528c39814943b311272215662d5d70d37b52813759fe0ae663a20e3948947a,1.0,DONUT,r/ethtrader
2021-12-13 11:30:40,0x280cD1...,0x56275bc13177ce5497bab8acb8aedf870effb406b08cc741af99fc2fc3644512,1.0,DONUT,r/ethtrader
2021-12-13 11:30:15,0x280cD1...,0xe96c2bd8b67eb73f779a226b643c37aa19b74cff437286fed7bd59a30fa14199,1.0,DONUT,r/ethtrader
2021-12-13 11:07:20,u/viksaini97,0xc4d876cf31a43e0571eb3ae3cd8a64b58927d9db74ab1f4d32e4ba3380120e32,1.0,DONUT,r/ethtrader
2021-12-13 11:06:35,u/viksaini97,0x8c3a40b263397a165859fd4fd46fbfe741957a1b607ea7d901f7fd85aaf2d8d7,1.0,DONUT,r/ethtrader
2021-12-13 10:50:15,u/viksaini97,0x476182b46ace312b3b0a46ece8aa27596b78f39261998740c722b326b8564438,1.0,DONUT,r/ethtrader
2021-12-13 10:49:45,u/viksaini97,0xd7d264d70c5a1d70d03c4e444e43cda863b7d2836b73c68b3e3dcee2235e0084,1.0,DONUT,r/ethtrader
2021-12-13 10:49:20,u/viksaini97,0x1989710a4652a492fb8e7308eb3d226d8acbe1fa8a7753fc5598c2f496a6fcf3,1.0,DONUT,r/ethtrader
2021-12-13 10:45:40,u/viksaini97,0x7fd7f267573024b2658990474896375785086b4b70dff14036b60a99a9f77035,1.0,DONUT,r/ethtrader
2021-12-13 10:45:25,u/viksaini97,0x9c7264532f3e6189b70804d39f083d2ffcf760d1d3cd6fed36ffd76356b0b21b,1.0,DONUT,r/ethtrader
2021-12-13 10:44:55,u/viksaini97,0x47cfe96ae2878cd63dbd6713002fc01c9ec86acf934255e57a270de635f0a795,1.0,DONUT,r/ethtrader
2021-12-13 10:44:30,u/viksaini97,0xb69985881b2bf5f2260259d428a08969e992a60d3812c7728e7d73d3dd12b886,1.0,DONUT,r/ethtrader
2021-12-13 10:44:05,u/viksaini97,0x7953c0ea8b2685d98216b8d0dab22f244d7b79960dbfd70c9698ee2c3e008512,1.0,DONUT,r/ethtrader
2021-12-13 10:41:45,u/viksaini97,0xfba3426f7af812438657941a3ef7b0777abfdcaa8ae9de287ccf917a5f539b5c,1.0,DONUT,r/ethtrader
2021-12-13 10:41:35,u/iantonio_007,0x8c7b994762dbefc6ea214c061a73cdf7b9cd74459c333a87e751c4ac762f2a7b,1.0,DONUT,r/ethtrader
2021-12-13 10:41:05,u/viksaini97,0x566e8701b1c6c99a83277c7db0da4a60f96902694c69af9ee12ab335ac0b3c1b,1.0,DONUT,r/ethtrader
2021-12-13 10:40:40,u/viksaini97,0xf4fa17e6dc3ab93ab2f8f1b7d61b9325098f2ed32592340028037042ed600af6,1.0,DONUT,r/ethtrader
2021-12-13 10:40:15,u/viksaini97,0xd4d3c91f676af01861b7f8a01c3835c53d55a5bbb1a78ed7f5249ee8db5be650,1.0,DONUT,r/ethtrader
2021-12-13 10:39:45,u/viksaini97,0x959bbfdb0de02922d077bf509b183765b0d8e539fa9624ed93d168523840939c,1.0,DONUT,r/ethtrader
2021-12-13 10:28:25,u/TenCoinsShort,0x51ef4b6ccee7f09df88fe3dbc5b00ac13ca0465d7c53ec25c7fefd85179bf35f,4.0,DONUT,r/ethtrader
2021-12-13 10:27:50,u/TenCoinsShort,0x306209ec022a7c98ce7bb799e7c625ed6a3a4314a25b4df2d6d397bea8c9da00,4.0,DONUT,r/ethtrader
2021-12-13 10:20:30,u/iantonio_007,0xcff034f8c61ef5b54b3d9215e37d68c427440a1fdebba42499f34ad046e80889,1.0,DONUT,r/ethtrader
2021-12-13 10:19:00,u/iantonio_007,0x4cde4e41bbf018f59277c5ab78eb9f1bc12a8800ac18e334fa9f7db0c635af1b,1.0,DONUT,r/ethtrader
2021-12-13 10:17:15,u/iantonio_007,0x4f360ed1f3d720500f74ce8f39acd337e15f6acc7906c8f920785175dfddb497,1.0,DONUT,r/ethtrader
2021-12-13 10:15:25,u/iantonio_007,0x8db51e16e56de29233a2e72f6367e4f81d30457a812c9d20a3adc3e0cf1e60d3,1.0,DONUT,r/ethtrader
2021-12-13 09:28:15,u/Hastyrunner245,0xbd51668729cda542cc367367762b8627f6471c0efe89ea6fb0b79c16153fbc1b,1.0,DONUT,r/ethtrader
2021-12-13 09:27:40,u/Hastyrunner245,0x48b2eefeee3ed79fe3a9b1a97c140d48d70db4693da31f9349c6667682ed84a4,1.0,DONUT,r/ethtrader
2021-12-13 09:27:25,u/Hastyrunner245,0x21b04ae20919160505c07ed80f991c069e4e7f811913e53edb8f823117e52662,1.0,DONUT,r/ethtrader
2021-12-13 09:27:00,u/Hastyrunner245,0x0f01a5ff056847bec597b7c4f732e7a34d09e7f490c92251f581c145dc8a4887,1.0,DONUT,r/ethtrader
2021-12-13 09:26:30,u/Hastyrunner245,0x8730248f1ef5c1f454e0f70364180d5dff092cb514a7100815a9a968876d8685,1.0,DONUT,r/ethtrader
2021-12-13 09:25:25,u/Hastyrunner245,0x3d253e0002d514ba6313342e8b031fa4d5c76e2fdc5727bd1b54f2a780868518,1.0,DONUT,r/ethtrader
2021-12-13 09:24:55,u/Hastyrunner245,0x8a94df3e2608cc9735d63a4cf7df25d1c4529c4b7339d1d40a977463966a0e30,1.0,DONUT,r/ethtrader
2021-12-13 09:24:30,u/Hastyrunner245,0x3ece378e8aa13024d7fa876dc33021c7d3b1769c8ec43ce38cb98e7f66592b18,1.0,DONUT,r/ethtrader
2021-12-13 09:06:15,u/viksaini97,0x6fcee2b0ce35d526c252acd8158e386b93d0fce466c57cbe7cc4fc47e68fcb37,1.0,DONUT,r/ethtrader
2021-12-13 09:05:50,u/viksaini97,0x8b9613410c0e04ec48b832d27b3f99c073884c50cf8952f5feb230492a5bcc0e,1.0,DONUT,r/ethtrader
2021-12-13 09:05:15,u/viksaini97,0x4a7c95b8e51a9e923d623d197053db78b44b4426c8e6798dff95767ec9cd8976,1.0,DONUT,r/ethtrader
2021-12-13 09:04:55,u/viksaini97,0xb3057cf62e885aeb0cc0d06ec9438dd36793ce6e1cf40e30e80cf1448f3583db,1.0,DONUT,r/ethtrader
2021-12-13 09:04:25,u/viksaini97,0xcf0e464c81fc77b23e7a5ee144821a0e38c2229a64492a84d6e41d10729c016d,1.0,DONUT,r/ethtrader
2021-12-13 09:03:55,u/viksaini97,0x58dc2b853841cbd800e5113e8edd7600c978b7fd1844bb541e0f0d7bec8df844,1.0,DONUT,r/ethtrader
2021-12-13 09:03:25,u/viksaini97,0x572b22fc0b970a07d0daf4ee9cc9a970e549a60c2e2d2ab0a31ba10170745318,1.0,DONUT,r/ethtrader
2021-12-13 09:02:55,u/viksaini97,0xebd02169458ef35f5a115a980d89c45aabd321463c7b4386ec54a53c59e1d23e,1.0,DONUT,r/ethtrader
2021-12-13 09:02:25,u/viksaini97,0x0028a1241e31c2e8f799f201c071dc0a7fb3df2eb904df1f80b72fbdae4b12d2,1.0,DONUT,r/ethtrader
2021-12-13 08:31:00,u/viksaini97,0x75263b89af607a1784ab84e5db45f56a41c49ffdc4737b7036d710ae29748963,1.0,DONUT,r/ethtrader
2021-12-13 08:30:30,u/viksaini97,0x65ad57434a673fc91a18895a69edd570e2f2c40d47641022dd32633ec64e14a2,1.0,DONUT,r/ethtrader
2021-12-13 08:30:00,u/viksaini97,0x02b561f32e91545aa6168e01da657a8891b8ad803e5464b59ed554297bcbbbba,1.0,DONUT,r/ethtrader
2021-12-13 08:29:30,u/viksaini97,0xe201f905e793fc5cc377f35625ad2512dcf60e694914f7e5b854bad7d581e19b,1.0,DONUT,r/ethtrader
2021-12-13 08:29:05,u/viksaini97,0x74538a5f6a7bb1a044b1e74d99fd8e81a51157d1cfe07afaaa6c14c986c23eba,1.0,DONUT,r/ethtrader
2021-12-13 08:28:40,u/viksaini97,0x504913ec555eb3ca3a64c63c5001587b3e919500e6c21485ab70b416240aae36,1.0,DONUT,r/ethtrader
2021-12-13 08:28:15,u/viksaini97,0x30b5c2070abd31ce5cf7e2623d066a0c02052ad42360cf1d90193dcdf9f97d6a,1.0,DONUT,r/ethtrader
2021-12-13 08:27:05,u/viksaini97,0x631506a4b6864c59cded412f3a2080b290b2b15bc94e985eda0ce73b2690b25f,1.0,DONUT,r/ethtrader
2021-12-13 08:26:40,u/viksaini97,0x8f05fb1a004f295c94c97a5ba345d2fe66423e422d7d44d342d6136ae4332912,1.0,DONUT,r/ethtrader
2021-12-13 08:26:10,u/viksaini97,0x21a4f6d37dd0a9a6d263ad50385102e1604f687f7bcb526c73cdc8f97986d16f,1.0,DONUT,r/ethtrader
2021-12-13 08:25:45,u/viksaini97,0x769c4d6cfc7b06835cb0196fa07adf0dd5cb8d9d87fb8fdc5df169a9415c8357,1.0,DONUT,r/ethtrader
2021-12-13 08:25:20,u/viksaini97,0x5d8d43e4fcb71cf987ebd1e12dcc53545a10da980dac5a1b7c203d6ebe243b4c,1.0,DONUT,r/ethtrader
2021-12-13 08:02:50,u/iantonio_007,0xdf33684a8edb31e1aced5da1b5eb8cc725a478b4f0dbe8efdc431d5950263909,1.0,DONUT,r/ethtrader
2021-12-13 08:01:00,u/iantonio_007,0xe9fd2a211532777ca276e0dadf350e80fe885698a6bf41a2fec2f441389c7889,1.0,DONUT,r/ethtrader
2021-12-13 07:42:40,u/MicThess,0x312b9a4c5ba7d523b4fc63836357a8891723e334ad2ff1823669e4cd69dc8626,1.0,DONUT,r/ethtrader
2021-12-13 07:41:55,u/MicThess,0x147658344da4600118f684382a4d488a51ed0a77c12eb4e9b6e921a9dd22c5b0,1.0,DONUT,r/ethtrader
2021-12-13 07:41:00,u/MicThess,0xb57614ed47629f2bb3eb4e48704a4718e707a6346ace905f1241ed6ad3a37986,1.0,DONUT,r/ethtrader
2021-12-13 07:40:35,u/MicThess,0x2bc9e0d9e3230537da5bb44afc3be221e4818d47175504d175b1755207ba37cb,1.0,DONUT,r/ethtrader
2021-12-13 07:40:20,u/MicThess,0xfdb49acfb663072873b193804f6226c8334e513520dc10e81e49fcae8f5ebbde,1.0,DONUT,r/ethtrader
2021-12-13 07:40:15,u/MicThess,0x359ba2d21d3d7150d9a75447ebf2c318b26135834e4975b71d616c320611d6b4,1.0,DONUT,r/ethtrader
2021-12-13 07:39:50,u/MicThess,0x670527023fd015a54e855d810fbccbf671aa7683292deda83823191b24a0556f,1.0,DONUT,r/ethtrader
2021-12-13 07:39:35,u/MicThess,0x65fbdbd0bcde8916ac3178987fe4bd8df407452176c82983e9801b2d514a8574,1.0,DONUT,r/ethtrader
2021-12-13 07:39:25,u/MicThess,0x5590c184662fb79d735ec0cb3c13883b2034532d1f68762365219c35580ae0ac,1.0,DONUT,r/ethtrader
2021-12-13 07:39:05,u/MicThess,0xa538771e698d13c6c27c230a2366ea3bf239776aff438a98577b216456571fb4,1.0,DONUT,r/ethtrader
2021-12-13 07:38:50,u/MicThess,0x021b72f78068499b9db87421f2b706f7967e37599f34e79375b3a6d8d2d1f241,1.0,DONUT,r/ethtrader
2021-12-13 07:38:35,u/MicThess,0xf2b7f298d0e0b1caea9dabeef76f002d2ff0bf037450b9c4bc2f96a8494a63fa,1.0,DONUT,r/ethtrader
2021-12-13 07:38:25,u/MicThess,0x05eca79b042455e29b353ce3d279ac64affe3ae90ff4fabe13ba3e172d36ad4b,1.0,DONUT,r/ethtrader
2021-12-13 07:38:15,u/MicThess,0x175377906949ad9275b1c308c745c82c693717c16a330d5cb101d25d07369106,1.0,DONUT,r/ethtrader
2021-12-13 07:37:00,u/MicThess,0xe07eb320bfec5c9974d88ea63214562194102ac28e133231f096850286c931cb,1.0,DONUT,r/ethtrader
2021-12-13 07:36:50,u/MicThess,0x23a6a14ce413405d1256888f6d2fb9a55aa24a6d9782f068ff7d1e4d951499d0,1.0,DONUT,r/ethtrader
2021-12-13 07:36:40,u/MicThess,0x97a844655fb0a82eb5e97e9cf15bc500a0e10d0f182ac4f7808899bcbc4b4947,1.0,DONUT,r/ethtrader
2021-12-13 07:36:30,u/MicThess,0x2b9c0bb479f437ed60fefec03a0c2823254899219153ced50b405eeca574e177,1.0,DONUT,r/ethtrader
2021-12-13 07:35:40,u/MicThess,0x341aa50bea604f6a28e4798eec5e983bc22e715aba22c2d9897d9a46f1d6fe16,1.0,DONUT,r/ethtrader
2021-12-13 07:35:15,u/MicThess,0x463e5ece5b750426f04102f6588933e33df2dc431a9eea08ea8533c83edb4bf2,1.0,DONUT,r/ethtrader
2021-12-13 07:35:05,u/MicThess,0x7e9e941b814d12f4583e72e4cd1bb018e55b77a519f10b9defdb4a803bd5ce14,1.0,DONUT,r/ethtrader
2021-12-13 07:34:35,u/MicThess,0x27694ea3627b82ce7b4fea3bae8180687388920b4590921efa378c7a074e5916,1.0,DONUT,r/ethtrader
2021-12-13 07:33:50,u/MicThess,0xa970ef9cb0f3f1e860e7af855d6202b49ba4c2b15fa4be159961d1ee99cfcfad,1.0,DONUT,r/ethtrader
2021-12-13 06:07:55,u/anthony_blues,0x10cf6f3aa036a04bf43e8a9d438cf81cdbf888400002ff1820f3927d795a8552,1.0,DONUT,r/ethtrader
2021-12-13 06:07:15,u/anthony_blues,0x926e8becad7c1d22e3761114718bcb1d692b08bae24546e4ca10b3b0b6f13301,1.0,DONUT,r/ethtrader
2021-12-13 06:06:55,u/anthony_blues,0x9afbe2527381e069d2ae298af23890b0e3e3f7922de514df5e3900eba6bdf1a7,1.0,DONUT,r/ethtrader
2021-12-13 06:06:05,u/anthony_blues,0x902cf302b0a65d34c07676e34a7c37b7e2f063a1581972dae51b0d4c10749847,1.0,DONUT,r/ethtrader
2021-12-13 06:05:45,u/anthony_blues,0x2401584bbe3a94694793edae36db435116646361090996cf5be3e3d8370453fe,1.0,DONUT,r/ethtrader
2021-12-13 06:04:50,u/anthony_blues,0x6318c55d4159be19587251d2cfbcb72a4e9aa258a159ccb79e830631f7085b21,1.0,DONUT,r/ethtrader
2021-12-13 06:04:35,u/anthony_blues,0x1468f47cdbf3ec1ea83e987c4bad975dfc839ce4dd57a77aa11fe6c10c66bb66,1.0,DONUT,r/ethtrader
2021-12-13 06:04:20,u/anthony_blues,0x902529f6d086979a48f35ada0dcf3966a9177670cc16e1d98e56629600373206,1.0,DONUT,r/ethtrader
2021-12-13 06:03:55,u/anthony_blues,0x6c6451a811a2920c267cdb7b80c080e52e13703068f94a42ef5f8a69db886868,1.0,DONUT,r/ethtrader
2021-12-13 06:03:35,u/anthony_blues,0xe69206d2a1f49ac870581c0a1101d3c3a75143579c0471cb4ffa11a3863a99d0,1.0,DONUT,r/ethtrader
2021-12-13 06:03:25,u/anthony_blues,0x79cd6f8660e9537fa8e041da20ae441f670996269b729216429a97235cfd10e3,1.0,DONUT,r/ethtrader
2021-12-13 06:02:50,u/anthony_blues,0x801d540e7962a6e56ccbba3085777d855c0e6bfa26c53e781677077b0c40caea,1.0,DONUT,r/ethtrader
2021-12-13 06:02:40,u/anthony_blues,0xe2b41954092b82fc323ebccd3fc644b3d4d5acde2f1f8549b2dc7340d437375c,1.0,DONUT,r/ethtrader
2021-12-13 06:02:15,u/anthony_blues,0xf2f0cf62c3bec7dcc7c0acb33e5460c63db7d292e47dc59a8113d67d06ffd13d,1.0,DONUT,r/ethtrader
2021-12-13 05:57:40,u/anthony_blues,0x9ace6079a9d02dd3087fad74a03052b0b9217372710f58d70323dc419cb16076,1.0,DONUT,r/ethtrader
2021-12-13 05:57:15,u/anthony_blues,0x5f1ad283b7dc225ea3a3e8ad448993eb3eff6ab9b58c374e4881da74840e0345,1.0,DONUT,r/ethtrader
2021-12-13 05:56:35,u/anthony_blues,0x3ead87c120d0d15c6912b27f6158d46a91ede9a5d0fa3be62ed1a3d049777f22,1.0,DONUT,r/ethtrader
2021-12-13 05:56:10,u/anthony_blues,0xf258de2b1acd06e581949c11ab24afdd129a57546196eb7c6fc13ec797fd0cca,1.0,DONUT,r/ethtrader
2021-12-13 05:55:50,u/anthony_blues,0x9be4bf75001fa800b69e3ab4727027fa5dbd096f2a2d3b39fd5819dcbe9846ea,1.0,DONUT,r/ethtrader
2021-12-13 05:55:30,u/anthony_blues,0xf8bf36d216d3a7c64cd04d84c658db2f3b24ebba6c89a03a7a9fe170e90697c1,1.0,DONUT,r/ethtrader
2021-12-13 05:55:05,u/anthony_blues,0xe94dee1e7fba4be13313cd30376d17a0eb18a91e18ea15ccf503caa43b081311,1.0,DONUT,r/ethtrader
2021-12-13 05:54:45,u/anthony_blues,0xb422916c3413ae93a6c05c7a03d852ec6cd4ed7e5e90117dbc22b6f4d400396c,1.0,DONUT,r/ethtrader
2021-12-13 05:54:25,u/anthony_blues,0xa18dff8e96ee921f13a004c4a903a53d23ff70c7760fe07ea789f5d325148466,1.0,DONUT,r/ethtrader
2021-12-13 05:54:05,u/anthony_blues,0x0b26c4383e6bceace656926b6120b6bd0a5ba593acd653344217157ad614dcaf,1.0,DONUT,r/ethtrader
2021-12-13 05:53:40,u/anthony_blues,0x1d0451fc0fee6d32016b56d940d9721635ae1b2d996a36e52d6c104f22fd8327,1.0,DONUT,r/ethtrader
2021-12-13 05:53:15,u/anthony_blues,0x5d252099c3f1f83d42f22d53c163fd5238816f5ea854158b1d68934e1c847556,1.0,DONUT,r/ethtrader
2021-12-13 05:53:15,0x637667...,0x8ce069909dc0523b7d86dab780ef6bfc5b0cf0497fce5a2fd382e11b2a8989ac,1.0,DONUT,r/ethtrader
2021-12-13 05:52:55,u/furysammy,0xcf87a4ec068f4a7ca8fd246ffc19b34819c71b1777da42d439ed81ca7144d2a3,1.0,DONUT,r/ethtrader
2021-12-13 05:52:45,u/anthony_blues,0x57796794ba59624b0392c47e6ea2c89e2f9df1f00e42c0e4379831d04fd4e4aa,1.0,DONUT,r/ethtrader
2021-12-13 05:52:20,u/anthony_blues,0xdbaf8825abaf0fa2fc6fe18ea6f9957a831ad4287588e94114939c2af2b8ef64,1.0,DONUT,r/ethtrader
2021-12-13 05:52:05,0x637667...,0xd26c36e01aafe4dbd11e198223333a6630d7ee3b0a254cf0d9e54bb65d60bb95,1.0,DONUT,r/ethtrader
2021-12-13 05:51:25,u/furysammy,0xf140f39be8328dce97f5e51b9d4de4c86278cc3b9e598b27daff2220b921af85,1.0,DONUT,r/ethtrader
2021-12-13 05:50:05,u/furysammy,0x5705a3a89b45d635e6b72134adf5b29c7a0b2db922933f8df80fa322fc766e17,1.0,DONUT,r/ethtrader
2021-12-13 05:47:55,u/furysammy,0xa923f79da8f71c8542dd7d1465ba597f67f2f0a662e67df708e54a13cc6f7591,1.0,DONUT,r/ethtrader
2021-12-13 05:47:00,u/furysammy,0xf25b6a91910fca0dde7819b1d5254c05edc7dc2ad208d20b69fd898745b35a3f,1.0,DONUT,r/ethtrader
2021-12-13 05:45:45,0x637667...,0x1a097b2e4f2c32f0e0e3636d0245ce94f2ea93f5a5c4120ae7c1c70b4e4d4a0d,1.0,DONUT,r/ethtrader
2021-12-13 05:44:50,0x637667...,0x54b5110498b7cdd65a0b4140d82539f3dcde8578e595cb22d502a7603d856683,1.0,DONUT,r/ethtrader
2021-12-13 05:43:55,0x637667...,0xc35d6a5fbf67318580422d6888afc079dcaa5547dc226dab0e90e7a3299fe820,1.0,DONUT,r/ethtrader
2021-12-13 05:43:00,0x637667...,0xd70dcaa0e3a8e9950ec744c726bb8e4e87355c8658100b192dda14e7345407f2,1.0,DONUT,r/ethtrader
2021-12-13 05:42:30,u/anthony_blues,0x36740ca64252e6875a5f756df97b725561ce05ad3fcd8ef97cff6ce98141ff77,1.0,DONUT,r/ethtrader
2021-12-13 05:41:45,u/anthony_blues,0x7fd51ac196a09f6599939353c13d1d1db87de834bc5eec03b5ad4befc6fb7460,1.0,DONUT,r/ethtrader
2021-12-13 05:41:20,0x637667...,0x8f8a3f6cacb8092d068321d5de84681f7d1df682f56e1d135305dc544d32fcf2,1.0,DONUT,r/ethtrader
2021-12-13 05:40:50,u/anthony_blues,0xf17d3d80d7e57e97ab568694f51a1964f942488dcbf10394b1b804bd9b05382d,1.0,DONUT,r/ethtrader
2021-12-13 05:40:25,u/anthony_blues,0xf12728c8f39e9a7fe95a61183003e2d2230b203198740db2b996cb1e3c9b0332,1.0,DONUT,r/ethtrader
2021-12-13 05:37:15,u/anthony_blues,0x948e729cef930c4cb50bdf8ec46099c10eb04dc40c5d65be809df994aea48dc0,1.0,DONUT,r/ethtrader
2021-12-13 05:36:45,u/anthony_blues,0xafd3f6281c889d7740b16800f6e9dc55217734bc5b0a51da9e752c34d3f2a2e7,1.0,DONUT,r/ethtrader
2021-12-13 05:36:15,u/anthony_blues,0x22b9546cf97d7d530fcb460b3e4040be93b99e09b08448963ff12d3f320d6a23,1.0,DONUT,r/ethtrader
2021-12-13 05:35:35,u/anthony_blues,0x83697c6cb300a9bc40999f22d5290536033fde7dd8d363f21d27e096d7d760d3,1.0,DONUT,r/ethtrader
2021-12-13 05:35:10,u/anthony_blues,0x320087d3612753b452b545260fd3323e592a6c3dead3bf25f5937f965a425780,1.0,DONUT,r/ethtrader
2021-12-13 05:34:45,u/anthony_blues,0x0f28211d064a06eb14862cd6698ea9319763e5569b4bf40156bf94a9eccfa153,1.0,DONUT,r/ethtrader
2021-12-13 05:13:05,0xc5E318...,0xc5b72cd436aec5916d528484936cf625074603f68ca3054878479a4c95d27973,1.0,DONUT,r/ethtrader
2021-12-13 05:13:05,0xc5E318...,0xb03bbbfeee04d988b0a1aae2156660b29624686991dd6d1c9a2563a9402925d3,1.0,DONUT,r/ethtrader
2021-12-13 05:12:45,0xc5E318...,0xd7e79d745a0a4ea0ba3a036cdc0d1e4713782e54c996ddc52fc059775969753d,1.0,DONUT,r/ethtrader
2021-12-13 05:12:30,0xc5E318...,0x995473d965ad876da19223575ffa0f4b31ff2c0264ebf6e0c47d29150079c7d0,1.0,DONUT,r/ethtrader
2021-12-13 05:00:45,0xc5E318...,0x4358b5847455a8418fe89187c3b5391d104ce58cd42d4256b5266532fde5fe83,1.0,DONUT,r/ethtrader
2021-12-13 03:38:40,u/bullishoneth,0x75b99e19c4ba245cec3419c7e5dd7fd81eb4cae94712cb9a15f75deb46b14d79,1.0,DONUT,r/ethtrader
2021-12-13 03:38:35,u/bullishoneth,0xda2e3c4009efdd99037ecae8432abae2e2bfd2456fc4779d4cc99942ac5f1225,1.0,DONUT,r/ethtrader
2021-12-13 03:38:30,u/bullishoneth,0xec4a284c6b22eb5aa9472394a0825333c9ac0c9863da22c1765c6e847759aeb2,1.0,DONUT,r/ethtrader
2021-12-13 03:38:25,u/bullishoneth,0x0d797c9f15687a5e95f4c993aac90e4d6867b1177a91a0c4bd4dcfc732299145,1.0,DONUT,r/ethtrader
2021-12-13 03:38:20,u/bullishoneth,0x80dd52028dbb03c2f97a910cbe534815edb4967c4f0c5cc0db5133d84e0e150c,1.0,DONUT,r/ethtrader
2021-12-13 03:38:10,u/bullishoneth,0x616a3792083aa2a55b8a28ea5ef92e4c90d0a8dfab3de63091f12bbe482cc10a,1.0,DONUT,r/ethtrader
2021-12-13 03:38:05,u/bullishoneth,0xf16c815698f10f2dde899b0461ee3ee77a82f4df03255cdd8a499c8a16176fb3,1.0,DONUT,r/ethtrader
2021-12-13 03:38:00,u/bullishoneth,0xc3e15505cfd3f7f861ab9538ab73e6e4f67c1e153e4652ffe593489c2cb7a2cb,1.0,DONUT,r/ethtrader
2021-12-13 03:37:55,u/bullishoneth,0x7dd8919e1caf03bd7d1919080457c98b8978ec2dd8ad1aad693127cbced4981c,1.0,DONUT,r/ethtrader
2021-12-13 03:37:55,u/bullishoneth,0x7da141317b57f2478ccba91f506e0a32b0039af61919da7bdf669c73439f9612,1.0,DONUT,r/ethtrader
2021-12-13 03:37:45,u/bullishoneth,0xfdac804950428ed36fba9f95e66a201c080fa60375ff58cf5efa2a475c5ea7ef,1.0,DONUT,r/ethtrader
2021-12-13 03:37:00,u/bullishoneth,0x3bc59247175aed48f4f9d85dfa08509c4e6315b529474f1a5ebd301a7a186d3e,1.0,DONUT,r/ethtrader
2021-12-13 03:36:55,u/bullishoneth,0xd13f571d1a809bb5f7b2e1bf310d0165cc33b2fe221dc4516d4e00954cc51b81,1.0,DONUT,r/ethtrader
2021-12-13 03:36:50,u/bullishoneth,0x9bd42782b483d1389ec88ee929dca7b863037da490dd81226c3fa233a234625e,1.0,DONUT,r/ethtrader
2021-12-13 03:36:45,u/bullishoneth,0xc3195e61898cafde85f14aa6802b1f426a78fc68afade78f4fd2ad42e2be5c0e,1.0,DONUT,r/ethtrader
2021-12-13 03:36:45,u/bullishoneth,0x7dc8e2ccea5aeccc5c9167ddeb5423243798df12e7bacb1dcaa4469b828416da,1.0,DONUT,r/ethtrader
2021-12-13 03:36:35,u/bullishoneth,0x4ac10930b948dedd96f433e609e2af33be1108a973044ad063aa8f33df101ed0,1.0,DONUT,r/ethtrader
2021-12-13 03:36:30,u/bullishoneth,0xffa4e02c53fcbff355a936cfe59e741e6ada6b59d81a3209f3624817f37b451b,1.0,DONUT,r/ethtrader
2021-12-13 03:36:30,u/bullishoneth,0xee4c2106a97b81fbe1baa8cce34f915f2cd74c0988f52f7f686448b5129c864a,1.0,DONUT,r/ethtrader
2021-12-13 03:36:20,u/bullishoneth,0xca032eef713c9fbffa859e27d1095256c2a4e08698be1f1e77aec5b267e009db,1.0,DONUT,r/ethtrader
2021-12-13 03:36:15,u/bullishoneth,0x99eba9f04e36b2b2f116cf26f22117a4bb10e293a420aadf4a1e7994e985a7d1,1.0,DONUT,r/ethtrader
2021-12-13 03:35:25,u/bullishoneth,0x8c5c69b65b4ee78027ccc6fe0fd707129b191464e85e48c93279e5884fc6d8cf,1.0,DONUT,r/ethtrader
2021-12-13 03:35:20,u/bullishoneth,0xc141ba5b3f72c8ff8c1380833b7af4708ca6a85c60f41ed327faf06855966ab3,1.0,DONUT,r/ethtrader
2021-12-13 03:35:15,u/bullishoneth,0x0c28d6a2113604012f353975da3414a1f69e00d8e26806a001a85828e180033e,1.0,DONUT,r/ethtrader
2021-12-13 03:35:15,u/bullishoneth,0x75d4efa5f28bc84de3329a6b57e4f986595c21defd06f6f585cb2d2d9af43554,1.0,DONUT,r/ethtrader
2021-12-13 03:35:15,u/bullishoneth,0x441111eaad960c9ab04e6f2316a061e61b1bdcd5d2748228f48c7cc534469c87,1.0,DONUT,r/ethtrader
2021-12-13 03:35:10,u/bullishoneth,0x11e9d4658b233a91335026cf7f0f1ca381f07af32699fdd08428d713b9dc1b1e,1.0,DONUT,r/ethtrader
2021-12-13 03:35:00,u/bullishoneth,0xf7a2880e0712b80efc4b53e53f1aa5fe0420d5267ef574700f001b12f6db34f3,1.0,DONUT,r/ethtrader
2021-12-13 03:34:55,u/bullishoneth,0x61dd716c42702201b1f1150ce9da99d1ab1da6656a9aca4d4f04197772ac483c,1.0,DONUT,r/ethtrader
2021-12-13 03:34:50,u/bullishoneth,0x0c0ea449a3db780fb206313d4479dcb73a9ae55bed2b8c2493900677d4610580,1.0,DONUT,r/ethtrader
2021-12-13 03:34:45,u/bullishoneth,0xe4464326301f9024cf614ac89655044c5db50b1deae68d41f78201da73540ae1,1.0,DONUT,r/ethtrader
2021-12-13 03:34:45,u/bullishoneth,0x51d5d32dd92bfc90d7c8ad454bc8d80c47e9c841a37f1bd2144bc142a884dde1,1.0,DONUT,r/ethtrader
2021-12-13 03:34:35,u/bullishoneth,0x96859edfbf42278d4c354caa813504c88ac521bfebfc56afeedb1f27529d6c4e,1.0,DONUT,r/ethtrader
2021-12-13 03:34:35,u/bullishoneth,0xadfea3795a6ffa8ae9ff6ecc839c704f63dd0e488233a4ae44f7b34e53ebcea7,1.0,DONUT,r/ethtrader
2021-12-13 03:34:35,u/bullishoneth,0x8b6468c428b46d663de7fc43e050189538eccd3ab1f440e4372540f6a3090cb9,1.0,DONUT,r/ethtrader
2021-12-13 03:34:25,u/bullishoneth,0x8d9843c5210110b06d332713eb09ce2f08a9c5fdc701271f75832ea8e00fa09b,1.0,DONUT,r/ethtrader
2021-12-13 03:34:20,u/bullishoneth,0x68cc2b25bd2f8e09d6429feb09fea7fe1ba6d5c1663684b30109943e546600e1,1.0,DONUT,r/ethtrader
2021-12-13 03:34:15,u/bullishoneth,0x0179a1d3b2258f96d1f7d23b7bae1dc14b93777e92c1e6dc73b8e7301f458359,1.0,DONUT,r/ethtrader
2021-12-13 03:34:05,u/bullishoneth,0xfa37e26d241530061abb4a3c6c938e02da5b6147660347f1259cb7e36de5f3b0,1.0,DONUT,r/ethtrader
2021-12-13 03:34:00,u/bullishoneth,0xa80577e92792082408397201463ce1f5bbfe67e2741d5349128de2a4d29e6cc4,1.0,DONUT,r/ethtrader
2021-12-13 03:33:55,u/bullishoneth,0x102f53f34a3f81c06a5f6df6b87dd2eb971d698f320a85d918f159f27d24d7ba,1.0,DONUT,r/ethtrader
2021-12-13 03:33:50,u/bullishoneth,0x28581f44a232a322055fc34ac22caf63709428148b786487a972e04be349ed01,1.0,DONUT,r/ethtrader
2021-12-13 03:33:45,u/bullishoneth,0x51d64e9eb2cb518819287bdb9b324fb27bdcd6622213dc339dee1e0bce51bde9,1.0,DONUT,r/ethtrader
2021-12-13 03:33:40,u/bullishoneth,0x9279a1a182437b652529eff93acfcfca3bfde3a7b7decb610867f998478d4364,1.0,DONUT,r/ethtrader
2021-12-13 03:33:40,u/bullishoneth,0xdc3f704530a15743ea509b2670eb8523f29d3a37cf509ed433fb1be32a5d2bfd,1.0,DONUT,r/ethtrader
2021-12-13 03:33:35,u/bullishoneth,0x73ced8224d0bc5c5c9fb13e67c82ccef309d4ddf27f9995e3713674897b21796,1.0,DONUT,r/ethtrader
2021-12-13 03:33:25,u/bullishoneth,0xdbca73c620bc894e98d01eaccf4a65e91072b7adb4100a6d44b3e0cc01103087,1.0,DONUT,r/ethtrader
2021-12-13 03:33:25,u/bullishoneth,0x85d24a9bcc0c0a57eafbbf0ef7b48f7e9b9416635f656a85246144af6caf7f53,1.0,DONUT,r/ethtrader
2021-12-13 03:33:20,u/bullishoneth,0xbb5ddc7339fb751c3a4eb9c4e8766af9aaddd3098c15bfeba5dbfc028b39172e,1.0,DONUT,r/ethtrader
2021-12-13 03:31:45,u/bullishoneth,0x74a7ed110f8258a17c1194528b2e931849527989f8b7229fb7107a651eef5e3e,1.0,DONUT,r/ethtrader
2021-12-13 03:31:45,u/bullishoneth,0x983b1410d729f35418639cfe99faa97d3cef20199bc027024d494afc16863bd0,1.0,DONUT,r/ethtrader
2021-12-13 03:31:45,u/bullishoneth,0x5e08dac966370ca0d495447e676d109c3b2eecd9ba06e6061e848bbdd69ce6b7,1.0,DONUT,r/ethtrader
2021-12-13 03:31:35,u/bullishoneth,0xd1376ca06f97df87f59225dee8e330abdc4e8569ce908db5a990f63c7a4d431b,1.0,DONUT,r/ethtrader
2021-12-13 03:31:35,u/bullishoneth,0x0d9c65b35e0c0a4321f71d0d3635d117b0d9b041244a698b9eb75ae06db7d4b6,1.0,DONUT,r/ethtrader
2021-12-13 03:31:25,u/bullishoneth,0x63ce79ce9ab1c956d182626393aa6476840f0c9f493f130fc3b6346684d1922d,1.0,DONUT,r/ethtrader
2021-12-13 03:31:20,u/bullishoneth,0x597e49fd43693c02b2c388cb8f0e832c1463adc19789cd4f788c6cdb7d191e9f,1.0,DONUT,r/ethtrader
2021-12-13 03:31:15,u/bullishoneth,0x0706ddf269d82e1c6483e5cccccdc5896418cedfab4d522ba87cf10c191ed364,1.0,DONUT,r/ethtrader
2021-12-13 03:31:10,u/bullishoneth,0x683636fd358429e71072f3819f564f1a8f42a1e077b89d1deecb91c72288941b,1.0,DONUT,r/ethtrader
2021-12-13 03:31:05,u/bullishoneth,0x8f2a8c8f888d83dd56603904087e0b2d3e50e2707d4006895f5c93f5f90eddac,1.0,DONUT,r/ethtrader
2021-12-13 03:31:00,u/bullishoneth,0x39b94d5e5c1396a9a750e230922f55d78f340e0512fb553e81b91a91ec8e8e52,1.0,DONUT,r/ethtrader
2021-12-13 03:30:55,u/bullishoneth,0x9b9184eca1ce6caa4d7b1252b95585861aa08bfc70c00939eadb8a453204e007,1.0,DONUT,r/ethtrader
2021-12-13 03:30:50,u/bullishoneth,0xe4952e4c4ac0449d1ea20c07a0605388a3148d6fbd5e526dc88b0f829e388213,1.0,DONUT,r/ethtrader
2021-12-13 03:30:45,u/bullishoneth,0x142b3d329c17d645daf03a37095fb898237bd1ca6727a2684e748a3a883c5dd5,1.0,DONUT,r/ethtrader
2021-12-13 03:30:40,u/bullishoneth,0x3b9070e96427c6ee91f83f65e99a9021c90b9f78c41a008dfd2e6af77e6478e6,1.0,DONUT,r/ethtrader
2021-12-13 03:30:00,u/bullishoneth,0xba95b57a408dffdf703c44223145263f5d387d5e259a584c195104ef8e251abb,1.0,DONUT,r/ethtrader
2021-12-13 03:29:50,u/bullishoneth,0x0da6f9b54fbf708a71bc4054d49b9554eb82fbc69b4b51a93657b58bc3b1295b,1.0,DONUT,r/ethtrader
2021-12-13 03:29:50,u/bullishoneth,0x3dc58149944b9dc4d4f5b67fa8991efcf6ebd60c1dd84166e79b0ece783ef95d,1.0,DONUT,r/ethtrader
2021-12-13 03:29:40,u/bullishoneth,0xaa8c3f4b7395929f896264a8471851b68f44aa3dce6ecf970a5cfeb259bc2c00,1.0,DONUT,r/ethtrader
2021-12-13 03:29:35,u/bullishoneth,0x14c22f8682d18ef95c6e553028789092236a0f539845cf9a8e4dc780083e9aec,1.0,DONUT,r/ethtrader
2021-12-13 03:29:30,u/bullishoneth,0x88258945103536565a9a1f81a4432016af7dad5b6b8c7c63647f9030994685b0,1.0,DONUT,r/ethtrader
2021-12-13 03:29:30,u/bullishoneth,0x92e7968d07e8167bc10e48ce738f106d527051dc5148403831a5cff45c25accc,1.0,DONUT,r/ethtrader
2021-12-13 03:29:20,u/bullishoneth,0x4f99e5de3ab34bbddbefdf3162165d8df171aba1e92acf940d1350fdb1fae7cc,1.0,DONUT,r/ethtrader
2021-12-13 03:29:15,u/bullishoneth,0x28d4555f46c791d5ef1646b17e2cca2381e21b6116b03d267af4224432fbb97b,1.0,DONUT,r/ethtrader
2021-12-13 03:29:10,u/bullishoneth,0x49cb6550dcdd465caaa60e8b31b7ac88e9a4009affe5900b31bd32c63ed2baca,1.0,DONUT,r/ethtrader
2021-12-13 03:29:05,u/bullishoneth,0xde49a905a8d382c2dcebe4509eaf54429c35a6be8e019dd5d1c64d95eb89d9e0,1.0,DONUT,r/ethtrader
2021-12-13 03:29:00,u/bullishoneth,0x714364cfb01ad653c6a89c6fec8887a342dbcfd45d8d8b4b556d518b5194c758,1.0,DONUT,r/ethtrader
2021-12-13 03:28:55,u/bullishoneth,0xaf36fb5c47bf79538bfa065b970d8676b5ca9a6c32e63950682cf2a2f73d588f,1.0,DONUT,r/ethtrader
2021-12-13 03:28:55,u/bullishoneth,0xdf16d9b24ec8544bf345654c1c3524ccec54a85de4e8e06ede3c2993848bb06c,1.0,DONUT,r/ethtrader
2021-12-13 03:28:45,u/bullishoneth,0x2a72f0adf0fcbcda603530f2c876aa990594c02b317a1bf95b672dc5b4a7f660,1.0,DONUT,r/ethtrader
2021-12-13 03:28:40,u/bullishoneth,0xbad8adb46414ee39159a9ba16cf9df1dbb94c5eeedc8f9b7dbe7200277c57223,1.0,DONUT,r/ethtrader
2021-12-13 03:28:40,u/bullishoneth,0xcf709f720835abbaef87c054e70aacdfe1a7b804d06b6819be8550b1b3fa4e04,1.0,DONUT,r/ethtrader
2021-12-13 03:28:30,u/bullishoneth,0xbd7a685f41d4be602ed2c65e80cdba8af02ccb26187422f78fe2c4c8810ba091,1.0,DONUT,r/ethtrader
2021-12-13 03:28:25,u/bullishoneth,0x4c111687ec4f7f4160f4d17d2ff48c807cdd593d0798aa6424d7c254353239a8,1.0,DONUT,r/ethtrader
2021-12-13 03:28:20,u/bullishoneth,0xd89275964c75d70215b056dd234719fda5867dba304e6fabd37ca9bd4f104b8e,1.0,DONUT,r/ethtrader
2021-12-13 03:28:15,u/bullishoneth,0x27d05961e7b75cdf07be5821cc8e1b4aa9b9d082c6c32e5cea24ce5bf71005be,1.0,DONUT,r/ethtrader
2021-12-13 03:28:15,u/bullishoneth,0x9434695d973f9a40ce07e5b2d6d8586f1129a15aa97cb511d5e7b14f8eb53e35,1.0,DONUT,r/ethtrader
2021-12-13 03:28:05,u/bullishoneth,0x79acd032c186d354d48107f3460e8d452fea92218e9adba4d92e4552ac5aaca4,1.0,DONUT,r/ethtrader
2021-12-13 03:28:00,u/bullishoneth,0x8b363bdbdca8f8a19b82ac6c3eb4e2577804ee4075201399beda33132371fde5,1.0,DONUT,r/ethtrader
2021-12-13 03:27:55,u/bullishoneth,0x0494c78ce4e5a73d99f3b2435752f1f7d44192a7ebcab74873262af631c19ec1,1.0,DONUT,r/ethtrader
2021-12-13 03:27:50,u/bullishoneth,0xa125dccf9b3daaef1c3ba80f1fafa847c0d00a48f2d02951f3a386c0934623b1,1.0,DONUT,r/ethtrader
2021-12-13 03:27:45,u/bullishoneth,0x89993f420f8830b46817378d0dd41d3aa4253f0097c7f865f5c1f4f2ceb8c069,1.0,DONUT,r/ethtrader
2021-12-13 03:27:40,u/bullishoneth,0x0c210c1e1aeef103c610d76916e1a9d961f6741aa97eeeb20f25996db32db0ed,1.0,DONUT,r/ethtrader
2021-12-13 03:27:35,u/bullishoneth,0xbc2263f7e664ca939b572572ae47708a05627f5de53da69a8dba16ce08c2426e,1.0,DONUT,r/ethtrader
2021-12-13 03:26:30,u/bullishoneth,0x2a566ac96ff062cc013e1e86e37dc70bddef67569a65096d81e06f062c442b1e,1.0,DONUT,r/ethtrader
2021-12-13 03:26:25,u/bullishoneth,0xc5e47e76589afbe775f21f00416952a48bf1028d1d83322fc3f357ab1347acb4,1.0,DONUT,r/ethtrader
2021-12-13 03:26:20,u/bullishoneth,0xb32e46a6c8c47bee37b03dabf2cf5ec2cbf9911b850a58e2a26fdfe99b45af6a,1.0,DONUT,r/ethtrader
2021-12-13 03:26:15,u/bullishoneth,0x539ad043ab84553e257699487153e3541345c67c0a9bfe39c45592a290c2d71a,1.0,DONUT,r/ethtrader
2021-12-13 03:26:10,u/bullishoneth,0x2debe196c0c1dd4866f33e441e5ba51295c265d2a146018b047d99a97f979497,1.0,DONUT,r/ethtrader
2021-12-13 03:26:05,u/bullishoneth,0x894aeaa95bb93e007a2924a29417b0f4de7363e5ea4f44522f43019dd5b81533,1.0,DONUT,r/ethtrader
2021-12-13 03:26:00,u/bullishoneth,0x7cddb17f13afde34512270013608ab3294f28a0542799a3c1526aaa0d081981d,1.0,DONUT,r/ethtrader
2021-12-13 03:25:55,u/bullishoneth,0xa031ecd04c02211c6c5accce8b34d89f41adfaee187960528b399f5d4a54033e,1.0,DONUT,r/ethtrader
2021-12-13 03:25:50,u/bullishoneth,0xe04862f1736e24b71105df120f5fce6342d66a9bc4b90faa77d7c90d7b1d798e,1.0,DONUT,r/ethtrader
2021-12-13 03:24:50,u/bullishoneth,0x8f4a006fee0f8d32fd107beacef8b97eefefe9b698d04aefb6a39e8ff36eeeff,1.0,DONUT,r/ethtrader
2021-12-13 03:24:45,u/bullishoneth,0x580b88f6537852247c87d7dc2e913715438cda6798f0dc4db1bf2a289d33155d,1.0,DONUT,r/ethtrader
2021-12-13 03:24:40,u/bullishoneth,0xb636d2b2fed50bb6b6ca218327413db3ffefdcd8bf18aca5a6130d21bbbdd999,1.0,DONUT,r/ethtrader
2021-12-13 03:24:30,u/bullishoneth,0xa32069df667104bb782d44f5e568c606a0750021785750c56a60493169e85463,1.0,DONUT,r/ethtrader
2021-12-13 03:24:25,u/bullishoneth,0x3a1e55d5121c01413721104f6ea4c1aeef84b3d957ce8a80fe2cd322fb5f2cd1,1.0,DONUT,r/ethtrader
2021-12-13 03:24:20,u/bullishoneth,0xca218de9fc62ca03126653a259ae4a224402bfd163ed56e942435162309e1669,1.0,DONUT,r/ethtrader
2021-12-13 03:24:15,u/bullishoneth,0x65d8568559afb1122530071753219e03a53bf98344f3429345d3025186c3c99c,1.0,DONUT,r/ethtrader
2021-12-13 03:24:10,u/bullishoneth,0x2e45673e4f3fb2a9383d1cdd36ac21fbfe1c362abef073555b9c4400fd117ddb,1.0,DONUT,r/ethtrader
2021-12-13 03:24:05,u/bullishoneth,0x9af532d4f02c5938b1aea04432ac19ead07a04c35024bc5ecf37b57ac9412b12,1.0,DONUT,r/ethtrader
2021-12-13 03:24:05,u/bullishoneth,0xa3510f892a4078c8abf04d0d8f1a3c76fc5889180d7e0c4a7e0bb638ed9f4a76,1.0,DONUT,r/ethtrader
2021-12-13 03:23:50,u/bullishoneth,0x9e07b1e235ac3640ab7819eddadf780916582b257041d623338febbb1e25ba08,1.0,DONUT,r/ethtrader
2021-12-13 03:23:50,u/bullishoneth,0x1beb2bd54d0c2fbeb91405665bab40bfe26491c39989f9b83ad3ea2ee53ffaa2,1.0,DONUT,r/ethtrader
2021-12-13 03:23:40,u/bullishoneth,0x0daad6a02f2382ea4507256a33601fa115e31a2b3883f1119431068a94e36651,1.0,DONUT,r/ethtrader
2021-12-13 03:23:35,u/bullishoneth,0x2b6f706e7cdbfbddb4a7c0d705a9f4b46c1c3204fd5ddc215f2fc98d35059bdc,1.0,DONUT,r/ethtrader
2021-12-13 03:23:30,u/bullishoneth,0xa0dd7f86a3a8345e399e860f54f50d2e04f9333c78011ffb09859db7533ddc62,1.0,DONUT,r/ethtrader
2021-12-13 03:23:25,u/bullishoneth,0xa46250f8d4c78db1a8e518720dd7598ae6caf2d1abccf8815ff2c849a5791c70,1.0,DONUT,r/ethtrader
2021-12-13 03:23:15,u/bullishoneth,0xdde462fa26aebad89b0e2e7af98617718d64c15abece430098009aa702dd6ccb,1.0,DONUT,r/ethtrader
2021-12-13 03:23:15,u/bullishoneth,0x0ceccdbc5aeb097b020e2e74549a3f0291659347e22a3a7b1b0e0be3cb5459d7,1.0,DONUT,r/ethtrader
2021-12-13 03:23:05,u/bullishoneth,0x5826f45b35727f41d984e142e73a8d409ca967621d473047b4700be2dbc54e7d,1.0,DONUT,r/ethtrader
2021-12-13 03:23:00,u/bullishoneth,0x754b388eb3435b834b5b4908e130c5148b6d1c533bb9aaa7ef577f45f20d3512,1.0,DONUT,r/ethtrader
2021-12-13 03:22:05,u/bullishoneth,0x70c7db474caa5ecb45004e10acc6541268cdac6da6af3aee4f9ad561d26e859d,1.0,DONUT,r/ethtrader
2021-12-13 03:21:55,u/bullishoneth,0x303ec2e7bbae40bb73b7c995d226e5774a5f5201f98709852846055ffbc374f3,1.0,DONUT,r/ethtrader
2021-12-13 03:21:55,u/bullishoneth,0x6b4022650d2ad82e96d6ee621cf8bf4ceefe520356a27beb7345523fb02e47e2,1.0,DONUT,r/ethtrader
2021-12-13 03:21:45,u/bullishoneth,0xae5d5ae2285891482cc38cd1e70a2027048ae8ba92e75c609a5eabea63b346ab,1.0,DONUT,r/ethtrader
2021-12-13 03:21:40,u/bullishoneth,0xb5f3bf084219eee3efa625af728486a780e8cca7a5cbc8033230dcd080b340ea,1.0,DONUT,r/ethtrader
2021-12-13 03:21:35,u/bullishoneth,0x3d2128c5ef73a1a06b768a324d9bfa9fea081c2c3c394c0a8fce5b6f21cfed10,1.0,DONUT,r/ethtrader
2021-12-13 03:21:30,u/bullishoneth,0xfa8e7d7587defd1a4234c18c82f26426083a0aa8d6cc7ebc9bf6f6e38956f724,1.0,DONUT,r/ethtrader
2021-12-13 03:21:25,u/iantonio_007,0x4f3f15631ca7daa983ac691479a47d1ffa553a8eb74a0caa6f0172a9a0cdc942,1.0,DONUT,r/ethtrader
2021-12-13 03:21:25,u/bullishoneth,0x600e44559f8b6d376e2bc5f849149f0ff215a88729917cb7c4b38bed6286a663,1.0,DONUT,r/ethtrader
2021-12-13 03:21:20,u/bullishoneth,0x7ad82b12312290bc763138cd8485884dae71750cca0d41c61fdfd577986fedf0,1.0,DONUT,r/ethtrader
2021-12-13 03:21:10,u/bullishoneth,0x0a323f7254af36bb400630d459cd630afe575b2019bf508dcb4e7b026371a4f7,1.0,DONUT,r/ethtrader
2021-12-13 03:21:05,u/bullishoneth,0x10dbbf6785b607dd929c643a07b855300a11fe100214c4f751b870fae25d08d7,1.0,DONUT,r/ethtrader
2021-12-13 03:21:00,u/bullishoneth,0xc71349f16a9b4b0dd02b2804325d089a7cf839f4ee3c6ab26c9f87339a167787,1.0,DONUT,r/ethtrader
2021-12-13 03:20:55,u/bullishoneth,0x679cd269aa808be1791b0aa495dc2a3182b662bba3a656819ceb46dca274c0ed,1.0,DONUT,r/ethtrader
2021-12-13 03:19:15,u/iantonio_007,0xb6511dbb0babb6c7301fb48540e0b4e1a975a2af6e27329dea3acb6e7f2e42cc,1.0,DONUT,r/ethtrader
2021-12-13 01:53:20,u/Basoosh,0x8fcf753e1939ed00233ca8f2ecdbef74da9eae51937263837a7fcb6f553ab94b,10.0,DONUT,r/ethtrader
2021-12-13 01:53:15,u/Basoosh,0x85d1553832c547f7405b6db3ffd01adf8da239b7e1bffdfeb8ecbbb37cc8c803,10.0,DONUT,r/ethtrader
2021-12-13 01:48:00,u/Basoosh,0x2bba9251d47c52170395b5ce032ffaaad5714c29ea5a4f861e8e3be86fa94baa,10.0,DONUT,r/ethtrader
2021-12-13 01:47:20,u/Basoosh,0xa46da14b9d1250c727c14f7290870c8a64e0f454ddcd581b80fe856d4de53d8b,10.0,DONUT,r/ethtrader
2021-12-13 01:42:35,u/RabidSalmon,0x2077fb43affb668a5773e8907814f51c74c6db38b903274082bcfebfd5f69208,1.0,DONUT,r/ethtrader
2021-12-13 01:42:05,u/RabidSalmon,0x1e5adaf89c05855939bf94a6a450269bb9b050ef11c4b5aa1722f82eecf6be87,1.0,DONUT,r/ethtrader
2021-12-13 01:41:35,u/RabidSalmon,0xedbf26b072e959922e22daa76fe4ef2f33437dd3b2ddecbbaa4b24ea5776777c,1.0,DONUT,r/ethtrader
2021-12-13 01:41:15,u/RabidSalmon,0x95af07921f573261fbec0a404584aa646842c07d6906c4b36c8d3fac56bf8a9e,1.0,DONUT,r/ethtrader
2021-12-13 01:40:40,u/RabidSalmon,0xe7210f3c74354818a462d3b56dc49fd10ebdcaab34f93dc12d78db06acaae275,1.0,DONUT,r/ethtrader
2021-12-13 01:40:15,u/RabidSalmon,0x879c6b9a771c64d2af35011bbb4ccc2ef9d3d3e6fb291cc1d6660c6f598e3f89,1.0,DONUT,r/ethtrader
2021-12-13 01:39:40,u/RabidSalmon,0x2dbe6fdd3a942f6e68fbcadb23e4a21298f5139ecca970c638d936954bb0bb4a,1.0,DONUT,r/ethtrader
2021-12-13 01:39:20,u/RabidSalmon,0x858b331592e8a0bea9fd19996e283bfaa0563c12d0a1db424fa140fd00d7d469,1.0,DONUT,r/ethtrader
2021-12-13 01:25:35,u/Basoosh,0x2ca187e42b3dbe3995b609c5d42b5221f3c3e8a8b0cc62b405900f85cf6ebab4,500.0,DONUT,r/ethtrader
